"Team","Year","Conf"
"Clemson",2017,"acc"
"North Carolina State",2017,"acc"
"Louisville",2017,"acc"
"Wake Forest",2017,"acc"
"Boston College",2017,"acc"
"Florida State",2017,"acc"
"Syracuse",2017,"acc"
"Miami (FL)",2017,"acc"
"Virginia Tech",2017,"acc"
"Georgia Tech",2017,"acc"
"Duke",2017,"acc"
"Pitt",2017,"acc"
"Virginia",2017,"acc"
"North Carolina",2017,"acc"
"Clemson",2016,"acc"
"Louisville",2016,"acc"
"Florida State",2016,"acc"
"North Carolina State",2016,"acc"
"Wake Forest",2016,"acc"
"Boston College",2016,"acc"
"Syracuse",2016,"acc"
"Virginia Tech",2016,"acc"
"Miami (FL)",2016,"acc"
"North Carolina",2016,"acc"
"Pitt",2016,"acc"
"Georgia Tech",2016,"acc"
"Duke",2016,"acc"
"Virginia",2016,"acc"
"Clemson",2015,"acc"
"Florida State",2015,"acc"
"Louisville",2015,"acc"
"North Carolina State",2015,"acc"
"Syracuse",2015,"acc"
"Wake Forest",2015,"acc"
"Boston College",2015,"acc"
"North Carolina",2015,"acc"
"Pitt",2015,"acc"
"Miami (FL)",2015,"acc"
"Duke",2015,"acc"
"Virginia Tech",2015,"acc"
"Virginia",2015,"acc"
"Georgia Tech",2015,"acc"
"Florida State",2014,"acc"
"Clemson",2014,"acc"
"Louisville",2014,"acc"
"Boston College",2014,"acc"
"North Carolina State",2014,"acc"
"Syracuse",2014,"acc"
"Wake Forest",2014,"acc"
"Georgia Tech",2014,"acc"
"Duke",2014,"acc"
"North Carolina",2014,"acc"
"Pitt",2014,"acc"
"Virginia Tech",2014,"acc"
"Miami (FL)",2014,"acc"
"Virginia",2014,"acc"
"Florida State",2013,"acc"
"Clemson",2013,"acc"
"Boston College",2013,"acc"
"Syracuse",2013,"acc"
"Maryland",2013,"acc"
"Wake Forest",2013,"acc"
"North Carolina State",2013,"acc"
"Duke",2013,"acc"
"Miami (FL)",2013,"acc"
"Virginia Tech",2013,"acc"
"Georgia Tech",2013,"acc"
"North Carolina",2013,"acc"
"Pitt",2013,"acc"
"Virginia",2013,"acc"
"Clemson",2012,"acc"
"Florida State",2012,"acc"
"North Carolina State",2012,"acc"
"Wake Forest",2012,"acc"
"Maryland",2012,"acc"
"Boston College",2012,"acc"
"North Carolina",2012,"acc"
"Georgia Tech",2012,"acc"
"Miami (FL)",2012,"acc"
"Virginia Tech",2012,"acc"
"Duke",2012,"acc"
"Virginia",2012,"acc"
"Clemson",2011,"acc"
"Florida State",2011,"acc"
"Wake Forest",2011,"acc"
"North Carolina State",2011,"acc"
"Boston College",2011,"acc"
"Maryland",2011,"acc"
"Virginia Tech",2011,"acc"
"Georgia Tech",2011,"acc"
"Virginia",2011,"acc"
"Miami (FL)",2011,"acc"
"North Carolina",2011,"acc"
"Duke",2011,"acc"
"Florida State",2010,"acc"
"Maryland",2010,"acc"
"North Carolina State",2010,"acc"
"Boston College",2010,"acc"
"Clemson",2010,"acc"
"Wake Forest",2010,"acc"
"Virginia Tech",2010,"acc"
"Miami (FL)",2010,"acc"
"North Carolina",2010,"acc"
"Georgia Tech",2010,"acc"
"Virginia",2010,"acc"
"Duke",2010,"acc"
"Clemson",2009,"acc"
"Boston College",2009,"acc"
"Florida State",2009,"acc"
"Wake Forest",2009,"acc"
"North Carolina State",2009,"acc"
"Maryland",2009,"acc"
"Georgia Tech",2009,"acc"
"Virginia Tech",2009,"acc"
"Miami (FL)",2009,"acc"
"North Carolina",2009,"acc"
"Duke",2009,"acc"
"Virginia",2009,"acc"
"Boston College",2008,"acc"
"Florida State",2008,"acc"
"Maryland",2008,"acc"
"Wake Forest",2008,"acc"
"Clemson",2008,"acc"
"North Carolina State",2008,"acc"
"Virginia Tech",2008,"acc"
"Georgia Tech",2008,"acc"
"North Carolina",2008,"acc"
"Miami (FL)",2008,"acc"
"Virginia",2008,"acc"
"Duke",2008,"acc"
"Boston College",2007,"acc"
"Clemson",2007,"acc"
"Wake Forest",2007,"acc"
"Florida State",2007,"acc"
"Maryland",2007,"acc"
"North Carolina State",2007,"acc"
"Virginia Tech",2007,"acc"
"Virginia",2007,"acc"
"Georgia Tech",2007,"acc"
"North Carolina",2007,"acc"
"Miami (FL)",2007,"acc"
"Duke",2007,"acc"
"Wake Forest",2006,"acc"
"Boston College",2006,"acc"
"Clemson",2006,"acc"
"Maryland",2006,"acc"
"Florida State",2006,"acc"
"North Carolina State",2006,"acc"
"Georgia Tech",2006,"acc"
"Virginia Tech",2006,"acc"
"Virginia",2006,"acc"
"Miami (FL)",2006,"acc"
"North Carolina",2006,"acc"
"Duke",2006,"acc"
"Boston College",2005,"acc"
"Florida State",2005,"acc"
"Clemson",2005,"acc"
"North Carolina State",2005,"acc"
"Maryland",2005,"acc"
"Wake Forest",2005,"acc"
"Virginia Tech",2005,"acc"
"Miami (FL)",2005,"acc"
"Georgia Tech",2005,"acc"
"North Carolina",2005,"acc"
"Virginia",2005,"acc"
"Duke",2005,"acc"
"Virginia Tech",2004,"acc"
"Florida State",2004,"acc"
"Miami (FL)",2004,"acc"
"Virginia",2004,"acc"
"North Carolina",2004,"acc"
"Clemson",2004,"acc"
"Georgia Tech",2004,"acc"
"Maryland",2004,"acc"
"North Carolina State",2004,"acc"
"Wake Forest",2004,"acc"
"Duke",2004,"acc"
"Florida State",2003,"acc"
"Maryland",2003,"acc"
"Clemson",2003,"acc"
"North Carolina State",2003,"acc"
"Virginia",2003,"acc"
"Georgia Tech",2003,"acc"
"Wake Forest",2003,"acc"
"Duke",2003,"acc"
"North Carolina",2003,"acc"
"Florida State",2002,"acc"
"Maryland",2002,"acc"
"Virginia",2002,"acc"
"North Carolina State",2002,"acc"
"Clemson",2002,"acc"
"Georgia Tech",2002,"acc"
"Wake Forest",2002,"acc"
"North Carolina",2002,"acc"
"Duke",2002,"acc"
"Maryland",2001,"acc"
"Florida State",2001,"acc"
"North Carolina",2001,"acc"
"Georgia Tech",2001,"acc"
"Clemson",2001,"acc"
"North Carolina State",2001,"acc"
"Wake Forest",2001,"acc"
"Virginia",2001,"acc"
"Duke",2001,"acc"
"UCF",2017,"american"
"South Florida",2017,"american"
"Temple",2017,"american"
"Cincinnati",2017,"american"
"Connecticut",2017,"american"
"East Carolina",2017,"american"
"Memphis",2017,"american"
"Houston",2017,"american"
"Navy",2017,"american"
"SMU",2017,"american"
"Tulane",2017,"american"
"Tulsa",2017,"american"
"South Florida",2016,"american"
"Temple",2016,"american"
"UCF",2016,"american"
"Cincinnati",2016,"american"
"Connecticut",2016,"american"
"East Carolina",2016,"american"
"Navy",2016,"american"
"Tulsa",2016,"american"
"Houston",2016,"american"
"Memphis",2016,"american"
"SMU",2016,"american"
"Tulane",2016,"american"
"Temple",2015,"american"
"South Florida",2015,"american"
"Cincinnati",2015,"american"
"Connecticut",2015,"american"
"East Carolina",2015,"american"
"UCF",2015,"american"
"Houston",2015,"american"
"Navy",2015,"american"
"Memphis",2015,"american"
"Tulsa",2015,"american"
"Tulane",2015,"american"
"SMU",2015,"american"
"Memphis",2014,"american"
"Cincinnati",2014,"american"
"UCF",2014,"american"
"East Carolina",2014,"american"
"Houston",2014,"american"
"Temple",2014,"american"
"South Florida",2014,"american"
"Tulane",2014,"american"
"Tulsa",2014,"american"
"Connecticut",2014,"american"
"SMU",2014,"american"
"UCF",2013,"american"
"Louisville",2013,"american"
"Cincinnati",2013,"american"
"Houston",2013,"american"
"SMU",2013,"american"
"Rutgers",2013,"american"
"Connecticut",2013,"american"
"South Florida",2013,"american"
"Memphis",2013,"american"
"Temple",2013,"american"
"Oklahoma",2017,"big-12"
"Texas Christian",2017,"big-12"
"Oklahoma State",2017,"big-12"
"Iowa State",2017,"big-12"
"Kansas State",2017,"big-12"
"Texas",2017,"big-12"
"West Virginia",2017,"big-12"
"Texas Tech",2017,"big-12"
"Baylor",2017,"big-12"
"Kansas",2017,"big-12"
"Oklahoma",2016,"big-12"
"Oklahoma State",2016,"big-12"
"West Virginia",2016,"big-12"
"Kansas State",2016,"big-12"
"Texas Christian",2016,"big-12"
"Baylor",2016,"big-12"
"Texas",2016,"big-12"
"Texas Tech",2016,"big-12"
"Iowa State",2016,"big-12"
"Kansas",2016,"big-12"
"Oklahoma",2015,"big-12"
"Texas Christian",2015,"big-12"
"Oklahoma State",2015,"big-12"
"Baylor",2015,"big-12"
"West Virginia",2015,"big-12"
"Texas Tech",2015,"big-12"
"Texas",2015,"big-12"
"Kansas State",2015,"big-12"
"Iowa State",2015,"big-12"
"Kansas",2015,"big-12"
"Texas Christian",2014,"big-12"
"Baylor",2014,"big-12"
"Kansas State",2014,"big-12"
"Oklahoma",2014,"big-12"
"West Virginia",2014,"big-12"
"Texas",2014,"big-12"
"Oklahoma State",2014,"big-12"
"Texas Tech",2014,"big-12"
"Kansas",2014,"big-12"
"Iowa State",2014,"big-12"
"Baylor",2013,"big-12"
"Oklahoma",2013,"big-12"
"Oklahoma State",2013,"big-12"
"Texas",2013,"big-12"
"Kansas State",2013,"big-12"
"Texas Tech",2013,"big-12"
"Texas Christian",2013,"big-12"
"West Virginia",2013,"big-12"
"Iowa State",2013,"big-12"
"Kansas",2013,"big-12"
"Kansas State",2012,"big-12"
"Oklahoma",2012,"big-12"
"Oklahoma State",2012,"big-12"
"Texas",2012,"big-12"
"Baylor",2012,"big-12"
"Texas Tech",2012,"big-12"
"Texas Christian",2012,"big-12"
"West Virginia",2012,"big-12"
"Iowa State",2012,"big-12"
"Kansas",2012,"big-12"
"Oklahoma State",2011,"big-12"
"Kansas State",2011,"big-12"
"Baylor",2011,"big-12"
"Oklahoma",2011,"big-12"
"Missouri",2011,"big-12"
"Texas",2011,"big-12"
"Texas A&M",2011,"big-12"
"Iowa State",2011,"big-12"
"Texas Tech",2011,"big-12"
"Kansas",2011,"big-12"
"Missouri",2010,"big-12"
"Nebraska",2010,"big-12"
"Kansas State",2010,"big-12"
"Iowa State",2010,"big-12"
"Colorado",2010,"big-12"
"Kansas",2010,"big-12"
"Oklahoma",2010,"big-12"
"Oklahoma State",2010,"big-12"
"Texas A&M",2010,"big-12"
"Baylor",2010,"big-12"
"Texas Tech",2010,"big-12"
"Texas",2010,"big-12"
"Nebraska",2009,"big-12"
"Missouri",2009,"big-12"
"Kansas State",2009,"big-12"
"Iowa State",2009,"big-12"
"Colorado",2009,"big-12"
"Kansas",2009,"big-12"
"Texas",2009,"big-12"
"Oklahoma State",2009,"big-12"
"Oklahoma",2009,"big-12"
"Texas Tech",2009,"big-12"
"Texas A&M",2009,"big-12"
"Baylor",2009,"big-12"
"Missouri",2008,"big-12"
"Nebraska",2008,"big-12"
"Kansas",2008,"big-12"
"Colorado",2008,"big-12"
"Kansas State",2008,"big-12"
"Iowa State",2008,"big-12"
"Texas",2008,"big-12"
"Oklahoma",2008,"big-12"
"Texas Tech",2008,"big-12"
"Oklahoma State",2008,"big-12"
"Baylor",2008,"big-12"
"Texas A&M",2008,"big-12"
"Kansas",2007,"big-12"
"Missouri",2007,"big-12"
"Colorado",2007,"big-12"
"Kansas State",2007,"big-12"
"Nebraska",2007,"big-12"
"Iowa State",2007,"big-12"
"Oklahoma",2007,"big-12"
"Texas",2007,"big-12"
"Texas Tech",2007,"big-12"
"Oklahoma State",2007,"big-12"
"Texas A&M",2007,"big-12"
"Baylor",2007,"big-12"
"Nebraska",2006,"big-12"
"Missouri",2006,"big-12"
"Kansas State",2006,"big-12"
"Kansas",2006,"big-12"
"Colorado",2006,"big-12"
"Iowa State",2006,"big-12"
"Oklahoma",2006,"big-12"
"Texas",2006,"big-12"
"Texas A&M",2006,"big-12"
"Texas Tech",2006,"big-12"
"Oklahoma State",2006,"big-12"
"Baylor",2006,"big-12"
"Colorado",2005,"big-12"
"Nebraska",2005,"big-12"
"Iowa State",2005,"big-12"
"Missouri",2005,"big-12"
"Kansas",2005,"big-12"
"Kansas State",2005,"big-12"
"Texas",2005,"big-12"
"Texas Tech",2005,"big-12"
"Oklahoma",2005,"big-12"
"Texas A&M",2005,"big-12"
"Baylor",2005,"big-12"
"Oklahoma State",2005,"big-12"
"Colorado",2004,"big-12"
"Iowa State",2004,"big-12"
"Missouri",2004,"big-12"
"Nebraska",2004,"big-12"
"Kansas",2004,"big-12"
"Kansas State",2004,"big-12"
"Oklahoma",2004,"big-12"
"Texas",2004,"big-12"
"Texas Tech",2004,"big-12"
"Texas A&M",2004,"big-12"
"Oklahoma State",2004,"big-12"
"Baylor",2004,"big-12"
"Kansas State",2003,"big-12"
"Nebraska",2003,"big-12"
"Missouri",2003,"big-12"
"Colorado",2003,"big-12"
"Kansas",2003,"big-12"
"Iowa State",2003,"big-12"
"Oklahoma",2003,"big-12"
"Texas",2003,"big-12"
"Oklahoma State",2003,"big-12"
"Texas Tech",2003,"big-12"
"Texas A&M",2003,"big-12"
"Baylor",2003,"big-12"
"Colorado",2002,"big-12"
"Kansas State",2002,"big-12"
"Iowa State",2002,"big-12"
"Nebraska",2002,"big-12"
"Missouri",2002,"big-12"
"Kansas",2002,"big-12"
"Oklahoma",2002,"big-12"
"Texas",2002,"big-12"
"Oklahoma State",2002,"big-12"
"Texas Tech",2002,"big-12"
"Texas A&M",2002,"big-12"
"Baylor",2002,"big-12"
"Nebraska",2001,"big-12"
"Colorado",2001,"big-12"
"Iowa State",2001,"big-12"
"Kansas State",2001,"big-12"
"Missouri",2001,"big-12"
"Kansas",2001,"big-12"
"Texas",2001,"big-12"
"Oklahoma",2001,"big-12"
"Texas A&M",2001,"big-12"
"Texas Tech",2001,"big-12"
"Oklahoma State",2001,"big-12"
"Baylor",2001,"big-12"
"Ohio State",2017,"big-ten"
"Penn State",2017,"big-ten"
"Michigan State",2017,"big-ten"
"Michigan",2017,"big-ten"
"Rutgers",2017,"big-ten"
"Indiana",2017,"big-ten"
"Maryland",2017,"big-ten"
"Wisconsin",2017,"big-ten"
"Northwestern",2017,"big-ten"
"Iowa",2017,"big-ten"
"Purdue",2017,"big-ten"
"Nebraska",2017,"big-ten"
"Minnesota",2017,"big-ten"
"Illinois",2017,"big-ten"
"Ohio State",2016,"big-ten"
"Penn State",2016,"big-ten"
"Michigan",2016,"big-ten"
"Indiana",2016,"big-ten"
"Maryland",2016,"big-ten"
"Michigan State",2016,"big-ten"
"Rutgers",2016,"big-ten"
"Wisconsin",2016,"big-ten"
"Iowa",2016,"big-ten"
"Nebraska",2016,"big-ten"
"Minnesota",2016,"big-ten"
"Northwestern",2016,"big-ten"
"Illinois",2016,"big-ten"
"Purdue",2016,"big-ten"
"Ohio State",2015,"big-ten"
"Michigan State",2015,"big-ten"
"Michigan",2015,"big-ten"
"Penn State",2015,"big-ten"
"Indiana",2015,"big-ten"
"Rutgers",2015,"big-ten"
"Maryland",2015,"big-ten"
"Iowa",2015,"big-ten"
"Northwestern",2015,"big-ten"
"Wisconsin",2015,"big-ten"
"Nebraska",2015,"big-ten"
"Illinois",2015,"big-ten"
"Minnesota",2015,"big-ten"
"Purdue",2015,"big-ten"
"Ohio State",2014,"big-ten"
"Michigan State",2014,"big-ten"
"Maryland",2014,"big-ten"
"Rutgers",2014,"big-ten"
"Michigan",2014,"big-ten"
"Penn State",2014,"big-ten"
"Indiana",2014,"big-ten"
"Wisconsin",2014,"big-ten"
"Minnesota",2014,"big-ten"
"Nebraska",2014,"big-ten"
"Iowa",2014,"big-ten"
"Illinois",2014,"big-ten"
"Northwestern",2014,"big-ten"
"Purdue",2014,"big-ten"
"Ohio State",2013,"big-ten"
"Wisconsin",2013,"big-ten"
"Penn State",2013,"big-ten"
"Indiana",2013,"big-ten"
"Illinois",2013,"big-ten"
"Purdue",2013,"big-ten"
"Michigan State",2013,"big-ten"
"Iowa",2013,"big-ten"
"Nebraska",2013,"big-ten"
"Minnesota",2013,"big-ten"
"Michigan",2013,"big-ten"
"Northwestern",2013,"big-ten"
"Ohio State",2012,"big-ten"
"Penn State",2012,"big-ten"
"Wisconsin",2012,"big-ten"
"Purdue",2012,"big-ten"
"Indiana",2012,"big-ten"
"Illinois",2012,"big-ten"
"Nebraska",2012,"big-ten"
"Michigan",2012,"big-ten"
"Northwestern",2012,"big-ten"
"Michigan State",2012,"big-ten"
"Minnesota",2012,"big-ten"
"Iowa",2012,"big-ten"
"Wisconsin",2011,"big-ten"
"Penn State",2011,"big-ten"
"Purdue",2011,"big-ten"
"Ohio State",2011,"big-ten"
"Illinois",2011,"big-ten"
"Indiana",2011,"big-ten"
"Michigan State",2011,"big-ten"
"Michigan",2011,"big-ten"
"Nebraska",2011,"big-ten"
"Iowa",2011,"big-ten"
"Northwestern",2011,"big-ten"
"Minnesota",2011,"big-ten"
"Ohio State",2010,"big-ten"
"Michigan State",2010,"big-ten"
"Wisconsin",2010,"big-ten"
"Iowa",2010,"big-ten"
"Illinois",2010,"big-ten"
"Penn State",2010,"big-ten"
"Michigan",2010,"big-ten"
"Northwestern",2010,"big-ten"
"Purdue",2010,"big-ten"
"Minnesota",2010,"big-ten"
"Indiana",2010,"big-ten"
"Ohio State",2009,"big-ten"
"Iowa",2009,"big-ten"
"Penn State",2009,"big-ten"
"Wisconsin",2009,"big-ten"
"Northwestern",2009,"big-ten"
"Michigan State",2009,"big-ten"
"Purdue",2009,"big-ten"
"Minnesota",2009,"big-ten"
"Illinois",2009,"big-ten"
"Michigan",2009,"big-ten"
"Indiana",2009,"big-ten"
"Penn State",2008,"big-ten"
"Ohio State",2008,"big-ten"
"Michigan State",2008,"big-ten"
"Iowa",2008,"big-ten"
"Northwestern",2008,"big-ten"
"Minnesota",2008,"big-ten"
"Wisconsin",2008,"big-ten"
"Illinois",2008,"big-ten"
"Purdue",2008,"big-ten"
"Michigan",2008,"big-ten"
"Indiana",2008,"big-ten"
"Ohio State",2007,"big-ten"
"Illinois",2007,"big-ten"
"Michigan",2007,"big-ten"
"Wisconsin",2007,"big-ten"
"Penn State",2007,"big-ten"
"Iowa",2007,"big-ten"
"Purdue",2007,"big-ten"
"Indiana",2007,"big-ten"
"Michigan State",2007,"big-ten"
"Northwestern",2007,"big-ten"
"Minnesota",2007,"big-ten"
"Ohio State",2006,"big-ten"
"Wisconsin",2006,"big-ten"
"Michigan",2006,"big-ten"
"Penn State",2006,"big-ten"
"Purdue",2006,"big-ten"
"Indiana",2006,"big-ten"
"Minnesota",2006,"big-ten"
"Iowa",2006,"big-ten"
"Northwestern",2006,"big-ten"
"Michigan State",2006,"big-ten"
"Illinois",2006,"big-ten"
"Penn State",2005,"big-ten"
"Ohio State",2005,"big-ten"
"Wisconsin",2005,"big-ten"
"Iowa",2005,"big-ten"
"Michigan",2005,"big-ten"
"Northwestern",2005,"big-ten"
"Minnesota",2005,"big-ten"
"Purdue",2005,"big-ten"
"Michigan State",2005,"big-ten"
"Indiana",2005,"big-ten"
"Illinois",2005,"big-ten"
"Iowa",2004,"big-ten"
"Michigan",2004,"big-ten"
"Wisconsin",2004,"big-ten"
"Northwestern",2004,"big-ten"
"Ohio State",2004,"big-ten"
"Purdue",2004,"big-ten"
"Michigan State",2004,"big-ten"
"Minnesota",2004,"big-ten"
"Penn State",2004,"big-ten"
"Illinois",2004,"big-ten"
"Indiana",2004,"big-ten"
"Michigan",2003,"big-ten"
"Ohio State",2003,"big-ten"
"Purdue",2003,"big-ten"
"Iowa",2003,"big-ten"
"Minnesota",2003,"big-ten"
"Michigan State",2003,"big-ten"
"Wisconsin",2003,"big-ten"
"Northwestern",2003,"big-ten"
"Penn State",2003,"big-ten"
"Indiana",2003,"big-ten"
"Illinois",2003,"big-ten"
"Ohio State",2002,"big-ten"
"Iowa",2002,"big-ten"
"Michigan",2002,"big-ten"
"Penn State",2002,"big-ten"
"Purdue",2002,"big-ten"
"Illinois",2002,"big-ten"
"Minnesota",2002,"big-ten"
"Wisconsin",2002,"big-ten"
"Michigan State",2002,"big-ten"
"Indiana",2002,"big-ten"
"Northwestern",2002,"big-ten"
"Illinois",2001,"big-ten"
"Michigan",2001,"big-ten"
"Ohio State",2001,"big-ten"
"Iowa",2001,"big-ten"
"Purdue",2001,"big-ten"
"Indiana",2001,"big-ten"
"Penn State",2001,"big-ten"
"Michigan State",2001,"big-ten"
"Wisconsin",2001,"big-ten"
"Minnesota",2001,"big-ten"
"Northwestern",2001,"big-ten"
"Florida Atlantic",2017,"cusa"
"Florida International",2017,"cusa"
"Marshall",2017,"cusa"
"Middle Tennessee State",2017,"cusa"
"Western Kentucky",2017,"cusa"
"Old Dominion",2017,"cusa"
"Charlotte",2017,"cusa"
"North Texas",2017,"cusa"
"Southern Mississippi",2017,"cusa"
"UAB",2017,"cusa"
"Louisiana Tech",2017,"cusa"
"UTSA",2017,"cusa"
"Rice",2017,"cusa"
"UTEP",2017,"cusa"
"Old Dominion",2016,"cusa"
"Western Kentucky",2016,"cusa"
"Middle Tennessee State",2016,"cusa"
"Florida International",2016,"cusa"
"Charlotte",2016,"cusa"
"Florida Atlantic",2016,"cusa"
"Marshall",2016,"cusa"
"Louisiana Tech",2016,"cusa"
"UTSA",2016,"cusa"
"Southern Mississippi",2016,"cusa"
"North Texas",2016,"cusa"
"UTEP",2016,"cusa"
"Rice",2016,"cusa"
"Western Kentucky",2015,"cusa"
"Marshall",2015,"cusa"
"Middle Tennessee State",2015,"cusa"
"Florida International",2015,"cusa"
"Old Dominion",2015,"cusa"
"Florida Atlantic",2015,"cusa"
"Charlotte",2015,"cusa"
"Southern Mississippi",2015,"cusa"
"Louisiana Tech",2015,"cusa"
"Rice",2015,"cusa"
"UTEP",2015,"cusa"
"UTSA",2015,"cusa"
"North Texas",2015,"cusa"
"Marshall",2014,"cusa"
"Middle Tennessee State",2014,"cusa"
"Western Kentucky",2014,"cusa"
"Old Dominion",2014,"cusa"
"UAB",2014,"cusa"
"Florida International",2014,"cusa"
"Florida Atlantic",2014,"cusa"
"Louisiana Tech",2014,"cusa"
"Rice",2014,"cusa"
"UTEP",2014,"cusa"
"UTSA",2014,"cusa"
"North Texas",2014,"cusa"
"Southern Mississippi",2014,"cusa"
"Marshall",2013,"cusa"
"East Carolina",2013,"cusa"
"Middle Tennessee State",2013,"cusa"
"Florida Atlantic",2013,"cusa"
"UAB",2013,"cusa"
"Florida International",2013,"cusa"
"Southern Mississippi",2013,"cusa"
"Rice",2013,"cusa"
"North Texas",2013,"cusa"
"UTSA",2013,"cusa"
"Tulane",2013,"cusa"
"Louisiana Tech",2013,"cusa"
"Tulsa",2013,"cusa"
"UTEP",2013,"cusa"
"UCF",2012,"cusa"
"East Carolina",2012,"cusa"
"Marshall",2012,"cusa"
"Memphis",2012,"cusa"
"UAB",2012,"cusa"
"Southern Mississippi",2012,"cusa"
"Tulsa",2012,"cusa"
"SMU",2012,"cusa"
"Rice",2012,"cusa"
"Houston",2012,"cusa"
"UTEP",2012,"cusa"
"Tulane",2012,"cusa"
"Southern Mississippi",2011,"cusa"
"Marshall",2011,"cusa"
"East Carolina",2011,"cusa"
"UCF",2011,"cusa"
"UAB",2011,"cusa"
"Memphis",2011,"cusa"
"Houston",2011,"cusa"
"Tulsa",2011,"cusa"
"SMU",2011,"cusa"
"Rice",2011,"cusa"
"UTEP",2011,"cusa"
"Tulane",2011,"cusa"
"UCF",2010,"cusa"
"Southern Mississippi",2010,"cusa"
"East Carolina",2010,"cusa"
"Marshall",2010,"cusa"
"UAB",2010,"cusa"
"Memphis",2010,"cusa"
"Tulsa",2010,"cusa"
"SMU",2010,"cusa"
"Houston",2010,"cusa"
"UTEP",2010,"cusa"
"Rice",2010,"cusa"
"Tulane",2010,"cusa"
"East Carolina",2009,"cusa"
"UCF",2009,"cusa"
"Southern Mississippi",2009,"cusa"
"Marshall",2009,"cusa"
"UAB",2009,"cusa"
"Memphis",2009,"cusa"
"Houston",2009,"cusa"
"SMU",2009,"cusa"
"Tulsa",2009,"cusa"
"UTEP",2009,"cusa"
"Rice",2009,"cusa"
"Tulane",2009,"cusa"
"East Carolina",2008,"cusa"
"Southern Mississippi",2008,"cusa"
"Memphis",2008,"cusa"
"Marshall",2008,"cusa"
"UAB",2008,"cusa"
"UCF",2008,"cusa"
"Rice",2008,"cusa"
"Tulsa",2008,"cusa"
"Houston",2008,"cusa"
"UTEP",2008,"cusa"
"Tulane",2008,"cusa"
"SMU",2008,"cusa"
"UCF",2007,"cusa"
"East Carolina",2007,"cusa"
"Memphis",2007,"cusa"
"Southern Mississippi",2007,"cusa"
"Marshall",2007,"cusa"
"UAB",2007,"cusa"
"Tulsa",2007,"cusa"
"Houston",2007,"cusa"
"Tulane",2007,"cusa"
"Rice",2007,"cusa"
"UTEP",2007,"cusa"
"SMU",2007,"cusa"
"Southern Mississippi",2006,"cusa"
"East Carolina",2006,"cusa"
"Marshall",2006,"cusa"
"UCF",2006,"cusa"
"UAB",2006,"cusa"
"Memphis",2006,"cusa"
"Houston",2006,"cusa"
"Rice",2006,"cusa"
"Tulsa",2006,"cusa"
"SMU",2006,"cusa"
"UTEP",2006,"cusa"
"Tulane",2006,"cusa"
"UCF",2005,"cusa"
"Memphis",2005,"cusa"
"Southern Mississippi",2005,"cusa"
"East Carolina",2005,"cusa"
"UAB",2005,"cusa"
"Marshall",2005,"cusa"
"Tulsa",2005,"cusa"
"UTEP",2005,"cusa"
"Houston",2005,"cusa"
"SMU",2005,"cusa"
"Tulane",2005,"cusa"
"Rice",2005,"cusa"
"Louisville",2004,"cusa"
"Memphis",2004,"cusa"
"Cincinnati",2004,"cusa"
"Southern Mississippi",2004,"cusa"
"UAB",2004,"cusa"
"Texas Christian",2004,"cusa"
"Tulane",2004,"cusa"
"South Florida",2004,"cusa"
"Houston",2004,"cusa"
"Army",2004,"cusa"
"East Carolina",2004,"cusa"
"Southern Mississippi",2003,"cusa"
"Texas Christian",2003,"cusa"
"Louisville",2003,"cusa"
"Memphis",2003,"cusa"
"South Florida",2003,"cusa"
"Houston",2003,"cusa"
"UAB",2003,"cusa"
"Tulane",2003,"cusa"
"Cincinnati",2003,"cusa"
"East Carolina",2003,"cusa"
"Army",2003,"cusa"
"Texas Christian",2002,"cusa"
"Cincinnati",2002,"cusa"
"Louisville",2002,"cusa"
"Southern Mississippi",2002,"cusa"
"Tulane",2002,"cusa"
"UAB",2002,"cusa"
"East Carolina",2002,"cusa"
"Houston",2002,"cusa"
"Memphis",2002,"cusa"
"Army",2002,"cusa"
"Louisville",2001,"cusa"
"Cincinnati",2001,"cusa"
"East Carolina",2001,"cusa"
"UAB",2001,"cusa"
"Southern Mississippi",2001,"cusa"
"Texas Christian",2001,"cusa"
"Memphis",2001,"cusa"
"Army",2001,"cusa"
"Tulane",2001,"cusa"
"Houston",2001,"cusa"
"Massachusetts",2017,"independent"
"Army",2017,"independent"
"Notre Dame",2017,"independent"
"Brigham Young",2017,"independent"
"Massachusetts",2016,"independent"
"Army",2016,"independent"
"Brigham Young",2016,"independent"
"Notre Dame",2016,"independent"
"Notre Dame",2015,"independent"
"Brigham Young",2015,"independent"
"Army",2015,"independent"
"Notre Dame",2014,"independent"
"Navy",2014,"independent"
"Army",2014,"independent"
"Brigham Young",2014,"independent"
"Notre Dame",2013,"independent"
"New Mexico State",2013,"independent"
"Navy",2013,"independent"
"Brigham Young",2013,"independent"
"Army",2013,"independent"
"Idaho",2013,"independent"
"Notre Dame",2012,"independent"
"Brigham Young",2012,"independent"
"Navy",2012,"independent"
"Army",2012,"independent"
"Brigham Young",2011,"independent"
"Notre Dame",2011,"independent"
"Navy",2011,"independent"
"Army",2011,"independent"
"Navy",2010,"independent"
"Notre Dame",2010,"independent"
"Army",2010,"independent"
"Navy",2009,"independent"
"Notre Dame",2009,"independent"
"Army",2009,"independent"
"Western Kentucky",2008,"independent"
"Navy",2008,"independent"
"Notre Dame",2008,"independent"
"Army",2008,"independent"
"Navy",2007,"independent"
"Western Kentucky",2007,"independent"
"Army",2007,"independent"
"Notre Dame",2007,"independent"
"Notre Dame",2006,"independent"
"Navy",2006,"independent"
"Army",2006,"independent"
"Temple",2006,"independent"
"Notre Dame",2005,"independent"
"Navy",2005,"independent"
"Army",2005,"independent"
"Temple",2005,"independent"
"Navy",2004,"independent"
"Notre Dame",2004,"independent"
"Florida A&M",2004,"independent"
"Connecticut",2003,"independent"
"Navy",2003,"independent"
"Troy",2003,"independent"
"Notre Dame",2003,"independent"
"South Florida",2002,"independent"
"Notre Dame",2002,"independent"
"Connecticut",2002,"independent"
"Troy",2002,"independent"
"Utah State",2002,"independent"
"Navy",2002,"independent"
"South Florida",2001,"independent"
"Troy",2001,"independent"
"UCF",2001,"independent"
"Notre Dame",2001,"independent"
"Utah State",2001,"independent"
"Connecticut",2001,"independent"
"Navy",2001,"independent"
"Akron",2017,"mac"
"Ohio",2017,"mac"
"Buffalo",2017,"mac"
"Miami (OH)",2017,"mac"
"Bowling Green State",2017,"mac"
"Kent State",2017,"mac"
"Toledo",2017,"mac"
"Central Michigan",2017,"mac"
"Northern Illinois",2017,"mac"
"Western Michigan",2017,"mac"
"Eastern Michigan",2017,"mac"
"Ball State",2017,"mac"
"Ohio",2016,"mac"
"Miami (OH)",2016,"mac"
"Akron",2016,"mac"
"Bowling Green State",2016,"mac"
"Kent State",2016,"mac"
"Buffalo",2016,"mac"
"Western Michigan",2016,"mac"
"Toledo",2016,"mac"
"Northern Illinois",2016,"mac"
"Eastern Michigan",2016,"mac"
"Central Michigan",2016,"mac"
"Ball State",2016,"mac"
"Bowling Green State",2015,"mac"
"Akron",2015,"mac"
"Ohio",2015,"mac"
"Buffalo",2015,"mac"
"Kent State",2015,"mac"
"Massachusetts",2015,"mac"
"Miami (OH)",2015,"mac"
"Toledo",2015,"mac"
"Western Michigan",2015,"mac"
"Central Michigan",2015,"mac"
"Northern Illinois",2015,"mac"
"Ball State",2015,"mac"
"Eastern Michigan",2015,"mac"
"Bowling Green State",2014,"mac"
"Ohio",2014,"mac"
"Buffalo",2014,"mac"
"Akron",2014,"mac"
"Massachusetts",2014,"mac"
"Miami (OH)",2014,"mac"
"Kent State",2014,"mac"
"Northern Illinois",2014,"mac"
"Toledo",2014,"mac"
"Western Michigan",2014,"mac"
"Central Michigan",2014,"mac"
"Ball State",2014,"mac"
"Eastern Michigan",2014,"mac"
"Bowling Green State",2013,"mac"
"Buffalo",2013,"mac"
"Ohio",2013,"mac"
"Akron",2013,"mac"
"Kent State",2013,"mac"
"Massachusetts",2013,"mac"
"Miami (OH)",2013,"mac"
"Northern Illinois",2013,"mac"
"Ball State",2013,"mac"
"Central Michigan",2013,"mac"
"Toledo",2013,"mac"
"Eastern Michigan",2013,"mac"
"Western Michigan",2013,"mac"
"Kent State",2012,"mac"
"Bowling Green State",2012,"mac"
"Ohio",2012,"mac"
"Buffalo",2012,"mac"
"Miami (OH)",2012,"mac"
"Massachusetts",2012,"mac"
"Akron",2012,"mac"
"Northern Illinois",2012,"mac"
"Ball State",2012,"mac"
"Toledo",2012,"mac"
"Central Michigan",2012,"mac"
"Western Michigan",2012,"mac"
"Eastern Michigan",2012,"mac"
"Ohio",2011,"mac"
"Temple",2011,"mac"
"Kent State",2011,"mac"
"Bowling Green State",2011,"mac"
"Miami (OH)",2011,"mac"
"Buffalo",2011,"mac"
"Akron",2011,"mac"
"Northern Illinois",2011,"mac"
"Toledo",2011,"mac"
"Western Michigan",2011,"mac"
"Ball State",2011,"mac"
"Eastern Michigan",2011,"mac"
"Central Michigan",2011,"mac"
"Miami (OH)",2010,"mac"
"Ohio",2010,"mac"
"Temple",2010,"mac"
"Kent State",2010,"mac"
"Bowling Green State",2010,"mac"
"Buffalo",2010,"mac"
"Akron",2010,"mac"
"Northern Illinois",2010,"mac"
"Toledo",2010,"mac"
"Western Michigan",2010,"mac"
"Ball State",2010,"mac"
"Central Michigan",2010,"mac"
"Eastern Michigan",2010,"mac"
"Ohio",2009,"mac"
"Temple",2009,"mac"
"Bowling Green State",2009,"mac"
"Kent State",2009,"mac"
"Buffalo",2009,"mac"
"Akron",2009,"mac"
"Miami (OH)",2009,"mac"
"Central Michigan",2009,"mac"
"Northern Illinois",2009,"mac"
"Western Michigan",2009,"mac"
"Toledo",2009,"mac"
"Ball State",2009,"mac"
"Eastern Michigan",2009,"mac"
"Buffalo",2008,"mac"
"Bowling Green State",2008,"mac"
"Temple",2008,"mac"
"Akron",2008,"mac"
"Kent State",2008,"mac"
"Ohio",2008,"mac"
"Miami (OH)",2008,"mac"
"Ball State",2008,"mac"
"Central Michigan",2008,"mac"
"Western Michigan",2008,"mac"
"Northern Illinois",2008,"mac"
"Eastern Michigan",2008,"mac"
"Toledo",2008,"mac"
"Bowling Green State",2007,"mac"
"Miami (OH)",2007,"mac"
"Buffalo",2007,"mac"
"Ohio",2007,"mac"
"Temple",2007,"mac"
"Akron",2007,"mac"
"Kent State",2007,"mac"
"Central Michigan",2007,"mac"
"Ball State",2007,"mac"
"Western Michigan",2007,"mac"
"Eastern Michigan",2007,"mac"
"Toledo",2007,"mac"
"Northern Illinois",2007,"mac"
"Ohio",2006,"mac"
"Kent State",2006,"mac"
"Akron",2006,"mac"
"Bowling Green State",2006,"mac"
"Miami (OH)",2006,"mac"
"Buffalo",2006,"mac"
"Central Michigan",2006,"mac"
"Western Michigan",2006,"mac"
"Northern Illinois",2006,"mac"
"Ball State",2006,"mac"
"Toledo",2006,"mac"
"Eastern Michigan",2006,"mac"
"Miami (OH)",2005,"mac"
"Akron",2005,"mac"
"Bowling Green State",2005,"mac"
"Ohio",2005,"mac"
"Buffalo",2005,"mac"
"Kent State",2005,"mac"
"Toledo",2005,"mac"
"Northern Illinois",2005,"mac"
"Western Michigan",2005,"mac"
"Central Michigan",2005,"mac"
"Ball State",2005,"mac"
"Eastern Michigan",2005,"mac"
"Miami (OH)",2004,"mac"
"Akron",2004,"mac"
"Marshall",2004,"mac"
"Kent State",2004,"mac"
"Ohio",2004,"mac"
"Buffalo",2004,"mac"
"UCF",2004,"mac"
"Northern Illinois",2004,"mac"
"Toledo",2004,"mac"
"Bowling Green State",2004,"mac"
"Eastern Michigan",2004,"mac"
"Central Michigan",2004,"mac"
"Ball State",2004,"mac"
"Western Michigan",2004,"mac"
"Miami (OH)",2003,"mac"
"Marshall",2003,"mac"
"Akron",2003,"mac"
"Kent State",2003,"mac"
"UCF",2003,"mac"
"Ohio",2003,"mac"
"Buffalo",2003,"mac"
"Bowling Green State",2003,"mac"
"Northern Illinois",2003,"mac"
"Toledo",2003,"mac"
"Western Michigan",2003,"mac"
"Ball State",2003,"mac"
"Eastern Michigan",2003,"mac"
"Central Michigan",2003,"mac"
"Marshall",2002,"mac"
"UCF",2002,"mac"
"Miami (OH)",2002,"mac"
"Ohio",2002,"mac"
"Akron",2002,"mac"
"Kent State",2002,"mac"
"Buffalo",2002,"mac"
"Northern Illinois",2002,"mac"
"Toledo",2002,"mac"
"Bowling Green State",2002,"mac"
"Ball State",2002,"mac"
"Western Michigan",2002,"mac"
"Central Michigan",2002,"mac"
"Eastern Michigan",2002,"mac"
"Marshall",2001,"mac"
"Miami (OH)",2001,"mac"
"Bowling Green State",2001,"mac"
"Kent State",2001,"mac"
"Akron",2001,"mac"
"Buffalo",2001,"mac"
"Ohio",2001,"mac"
"Toledo",2001,"mac"
"Northern Illinois",2001,"mac"
"Ball State",2001,"mac"
"Western Michigan",2001,"mac"
"Central Michigan",2001,"mac"
"Eastern Michigan",2001,"mac"
"Boise State",2017,"mwc"
"Wyoming",2017,"mwc"
"Colorado State",2017,"mwc"
"Air Force",2017,"mwc"
"Utah State",2017,"mwc"
"New Mexico",2017,"mwc"
"Fresno State",2017,"mwc"
"San Diego State",2017,"mwc"
"Nevada-Las Vegas",2017,"mwc"
"Nevada",2017,"mwc"
"Hawaii",2017,"mwc"
"San Jose State",2017,"mwc"
"Boise State",2016,"mwc"
"New Mexico",2016,"mwc"
"Wyoming",2016,"mwc"
"Air Force",2016,"mwc"
"Colorado State",2016,"mwc"
"Utah State",2016,"mwc"
"San Diego State",2016,"mwc"
"Hawaii",2016,"mwc"
"Nevada",2016,"mwc"
"Nevada-Las Vegas",2016,"mwc"
"San Jose State",2016,"mwc"
"Fresno State",2016,"mwc"
"Air Force",2015,"mwc"
"Boise State",2015,"mwc"
"Colorado State",2015,"mwc"
"New Mexico",2015,"mwc"
"Utah State",2015,"mwc"
"Wyoming",2015,"mwc"
"San Diego State",2015,"mwc"
"Nevada",2015,"mwc"
"San Jose State",2015,"mwc"
"Fresno State",2015,"mwc"
"Nevada-Las Vegas",2015,"mwc"
"Hawaii",2015,"mwc"
"Boise State",2014,"mwc"
"Colorado State",2014,"mwc"
"Utah State",2014,"mwc"
"Air Force",2014,"mwc"
"New Mexico",2014,"mwc"
"Wyoming",2014,"mwc"
"San Diego State",2014,"mwc"
"Fresno State",2014,"mwc"
"Nevada",2014,"mwc"
"Hawaii",2014,"mwc"
"San Jose State",2014,"mwc"
"Nevada-Las Vegas",2014,"mwc"
"Utah State",2013,"mwc"
"Boise State",2013,"mwc"
"Colorado State",2013,"mwc"
"Wyoming",2013,"mwc"
"New Mexico",2013,"mwc"
"Air Force",2013,"mwc"
"Fresno State",2013,"mwc"
"San Diego State",2013,"mwc"
"Nevada-Las Vegas",2013,"mwc"
"San Jose State",2013,"mwc"
"Nevada",2013,"mwc"
"Hawaii",2013,"mwc"
"Boise State",2012,"mwc"
"Fresno State",2012,"mwc"
"San Diego State",2012,"mwc"
"Air Force",2012,"mwc"
"Nevada",2012,"mwc"
"Colorado State",2012,"mwc"
"Wyoming",2012,"mwc"
"Nevada-Las Vegas",2012,"mwc"
"New Mexico",2012,"mwc"
"Hawaii",2012,"mwc"
"Texas Christian",2011,"mwc"
"Boise State",2011,"mwc"
"Wyoming",2011,"mwc"
"San Diego State",2011,"mwc"
"Air Force",2011,"mwc"
"Colorado State",2011,"mwc"
"Nevada-Las Vegas",2011,"mwc"
"New Mexico",2011,"mwc"
"Texas Christian",2010,"mwc"
"Utah",2010,"mwc"
"Air Force",2010,"mwc"
"San Diego State",2010,"mwc"
"Brigham Young",2010,"mwc"
"Colorado State",2010,"mwc"
"Nevada-Las Vegas",2010,"mwc"
"Wyoming",2010,"mwc"
"New Mexico",2010,"mwc"
"Texas Christian",2009,"mwc"
"Brigham Young",2009,"mwc"
"Utah",2009,"mwc"
"Air Force",2009,"mwc"
"Wyoming",2009,"mwc"
"Nevada-Las Vegas",2009,"mwc"
"San Diego State",2009,"mwc"
"New Mexico",2009,"mwc"
"Colorado State",2009,"mwc"
"Utah",2008,"mwc"
"Texas Christian",2008,"mwc"
"Brigham Young",2008,"mwc"
"Air Force",2008,"mwc"
"Colorado State",2008,"mwc"
"Nevada-Las Vegas",2008,"mwc"
"New Mexico",2008,"mwc"
"Wyoming",2008,"mwc"
"San Diego State",2008,"mwc"
"Brigham Young",2007,"mwc"
"Air Force",2007,"mwc"
"New Mexico",2007,"mwc"
"Utah",2007,"mwc"
"Texas Christian",2007,"mwc"
"San Diego State",2007,"mwc"
"Wyoming",2007,"mwc"
"Colorado State",2007,"mwc"
"Nevada-Las Vegas",2007,"mwc"
"Brigham Young",2006,"mwc"
"Texas Christian",2006,"mwc"
"Utah",2006,"mwc"
"Wyoming",2006,"mwc"
"New Mexico",2006,"mwc"
"Air Force",2006,"mwc"
"San Diego State",2006,"mwc"
"Colorado State",2006,"mwc"
"Nevada-Las Vegas",2006,"mwc"
"Texas Christian",2005,"mwc"
"Brigham Young",2005,"mwc"
"Colorado State",2005,"mwc"
"New Mexico",2005,"mwc"
"Utah",2005,"mwc"
"San Diego State",2005,"mwc"
"Air Force",2005,"mwc"
"Wyoming",2005,"mwc"
"Nevada-Las Vegas",2005,"mwc"
"Utah",2004,"mwc"
"New Mexico",2004,"mwc"
"Brigham Young",2004,"mwc"
"Wyoming",2004,"mwc"
"Air Force",2004,"mwc"
"Colorado State",2004,"mwc"
"San Diego State",2004,"mwc"
"Nevada-Las Vegas",2004,"mwc"
"Utah",2003,"mwc"
"New Mexico",2003,"mwc"
"Colorado State",2003,"mwc"
"Air Force",2003,"mwc"
"San Diego State",2003,"mwc"
"Brigham Young",2003,"mwc"
"Nevada-Las Vegas",2003,"mwc"
"Wyoming",2003,"mwc"
"Colorado State",2002,"mwc"
"New Mexico",2002,"mwc"
"Air Force",2002,"mwc"
"San Diego State",2002,"mwc"
"Nevada-Las Vegas",2002,"mwc"
"Utah",2002,"mwc"
"Brigham Young",2002,"mwc"
"Wyoming",2002,"mwc"
"Brigham Young",2001,"mwc"
"Colorado State",2001,"mwc"
"Utah",2001,"mwc"
"New Mexico",2001,"mwc"
"Air Force",2001,"mwc"
"Nevada-Las Vegas",2001,"mwc"
"San Diego State",2001,"mwc"
"Wyoming",2001,"mwc"
"Washington",2017,"pac-12"
"Stanford",2017,"pac-12"
"Washington State",2017,"pac-12"
"Oregon",2017,"pac-12"
"California",2017,"pac-12"
"Oregon State",2017,"pac-12"
"USC",2017,"pac-12"
"Arizona State",2017,"pac-12"
"Arizona",2017,"pac-12"
"UCLA",2017,"pac-12"
"Utah",2017,"pac-12"
"Colorado",2017,"pac-12"
"Washington",2016,"pac-12"
"Washington State",2016,"pac-12"
"Stanford",2016,"pac-12"
"California",2016,"pac-12"
"Oregon State",2016,"pac-12"
"Oregon",2016,"pac-12"
"Colorado",2016,"pac-12"
"USC",2016,"pac-12"
"Utah",2016,"pac-12"
"Arizona State",2016,"pac-12"
"UCLA",2016,"pac-12"
"Arizona",2016,"pac-12"
"Stanford",2015,"pac-12"
"Oregon",2015,"pac-12"
"Washington State",2015,"pac-12"
"California",2015,"pac-12"
"Washington",2015,"pac-12"
"Oregon State",2015,"pac-12"
"Utah",2015,"pac-12"
"USC",2015,"pac-12"
"UCLA",2015,"pac-12"
"Arizona State",2015,"pac-12"
"Arizona",2015,"pac-12"
"Colorado",2015,"pac-12"
"Oregon",2014,"pac-12"
"Stanford",2014,"pac-12"
"Washington",2014,"pac-12"
"California",2014,"pac-12"
"Oregon State",2014,"pac-12"
"Washington State",2014,"pac-12"
"Arizona",2014,"pac-12"
"Arizona State",2014,"pac-12"
"UCLA",2014,"pac-12"
"USC",2014,"pac-12"
"Utah",2014,"pac-12"
"Colorado",2014,"pac-12"
"Oregon",2013,"pac-12"
"Stanford",2013,"pac-12"
"Washington",2013,"pac-12"
"Oregon State",2013,"pac-12"
"Washington State",2013,"pac-12"
"California",2013,"pac-12"
"Arizona State",2013,"pac-12"
"UCLA",2013,"pac-12"
"USC",2013,"pac-12"
"Arizona",2013,"pac-12"
"Utah",2013,"pac-12"
"Colorado",2013,"pac-12"
"Oregon",2012,"pac-12"
"Stanford",2012,"pac-12"
"Oregon State",2012,"pac-12"
"Washington",2012,"pac-12"
"California",2012,"pac-12"
"Washington State",2012,"pac-12"
"UCLA",2012,"pac-12"
"Arizona State",2012,"pac-12"
"USC",2012,"pac-12"
"Arizona",2012,"pac-12"
"Utah",2012,"pac-12"
"Colorado",2012,"pac-12"
"Oregon",2011,"pac-12"
"Stanford",2011,"pac-12"
"Washington",2011,"pac-12"
"California",2011,"pac-12"
"Oregon State",2011,"pac-12"
"Washington State",2011,"pac-12"
"USC",2011,"pac-12"
"UCLA",2011,"pac-12"
"Utah",2011,"pac-12"
"Arizona State",2011,"pac-12"
"Arizona",2011,"pac-12"
"Colorado",2011,"pac-12"
"Oregon",2010,"pac-12"
"Stanford",2010,"pac-12"
"USC",2010,"pac-12"
"Washington",2010,"pac-12"
"Arizona",2010,"pac-12"
"Arizona State",2010,"pac-12"
"Oregon State",2010,"pac-12"
"California",2010,"pac-12"
"UCLA",2010,"pac-12"
"Washington State",2010,"pac-12"
"Oregon",2009,"pac-12"
"Arizona",2009,"pac-12"
"Oregon State",2009,"pac-12"
"Stanford",2009,"pac-12"
"California",2009,"pac-12"
"USC",2009,"pac-12"
"Washington",2009,"pac-12"
"UCLA",2009,"pac-12"
"Arizona State",2009,"pac-12"
"Washington State",2009,"pac-12"
"USC",2008,"pac-12"
"Oregon",2008,"pac-12"
"Oregon State",2008,"pac-12"
"California",2008,"pac-12"
"Arizona",2008,"pac-12"
"Arizona State",2008,"pac-12"
"Stanford",2008,"pac-12"
"UCLA",2008,"pac-12"
"Washington State",2008,"pac-12"
"Washington",2008,"pac-12"
"USC",2007,"pac-12"
"Arizona State",2007,"pac-12"
"Oregon State",2007,"pac-12"
"Oregon",2007,"pac-12"
"UCLA",2007,"pac-12"
"Arizona",2007,"pac-12"
"California",2007,"pac-12"
"Washington State",2007,"pac-12"
"Stanford",2007,"pac-12"
"Washington",2007,"pac-12"
"USC",2006,"pac-12"
"California",2006,"pac-12"
"Oregon State",2006,"pac-12"
"UCLA",2006,"pac-12"
"Arizona",2006,"pac-12"
"Arizona State",2006,"pac-12"
"Oregon",2006,"pac-12"
"Washington State",2006,"pac-12"
"Washington",2006,"pac-12"
"Stanford",2006,"pac-12"
"USC",2005,"pac-12"
"Oregon",2005,"pac-12"
"UCLA",2005,"pac-12"
"California",2005,"pac-12"
"Arizona State",2005,"pac-12"
"Stanford",2005,"pac-12"
"Oregon State",2005,"pac-12"
"Arizona",2005,"pac-12"
"Washington State",2005,"pac-12"
"Washington",2005,"pac-12"
"USC",2004,"pac-12"
"California",2004,"pac-12"
"Arizona State",2004,"pac-12"
"Oregon State",2004,"pac-12"
"UCLA",2004,"pac-12"
"Oregon",2004,"pac-12"
"Washington State",2004,"pac-12"
"Stanford",2004,"pac-12"
"Arizona",2004,"pac-12"
"Washington",2004,"pac-12"
"USC",2003,"pac-12"
"Washington State",2003,"pac-12"
"Oregon",2003,"pac-12"
"California",2003,"pac-12"
"Oregon State",2003,"pac-12"
"Washington",2003,"pac-12"
"UCLA",2003,"pac-12"
"Arizona State",2003,"pac-12"
"Stanford",2003,"pac-12"
"Arizona",2003,"pac-12"
"USC",2002,"pac-12"
"Washington State",2002,"pac-12"
"Arizona State",2002,"pac-12"
"Oregon State",2002,"pac-12"
"UCLA",2002,"pac-12"
"California",2002,"pac-12"
"Washington",2002,"pac-12"
"Oregon",2002,"pac-12"
"Arizona",2002,"pac-12"
"Stanford",2002,"pac-12"
"Oregon",2001,"pac-12"
"Washington State",2001,"pac-12"
"Stanford",2001,"pac-12"
"Washington",2001,"pac-12"
"USC",2001,"pac-12"
"UCLA",2001,"pac-12"
"Oregon State",2001,"pac-12"
"Arizona",2001,"pac-12"
"Arizona State",2001,"pac-12"
"California",2001,"pac-12"
"Georgia",2017,"sec"
"South Carolina",2017,"sec"
"Kentucky",2017,"sec"
"Missouri",2017,"sec"
"Florida",2017,"sec"
"Vanderbilt",2017,"sec"
"Tennessee",2017,"sec"
"Alabama",2017,"sec"
"Auburn",2017,"sec"
"LSU",2017,"sec"
"Mississippi State",2017,"sec"
"Texas A&M",2017,"sec"
"Ole Miss",2017,"sec"
"Arkansas",2017,"sec"
"Florida",2016,"sec"
"Georgia",2016,"sec"
"Tennessee",2016,"sec"
"Kentucky",2016,"sec"
"South Carolina",2016,"sec"
"Vanderbilt",2016,"sec"
"Missouri",2016,"sec"
"Alabama",2016,"sec"
"Auburn",2016,"sec"
"LSU",2016,"sec"
"Texas A&M",2016,"sec"
"Arkansas",2016,"sec"
"Mississippi State",2016,"sec"
"Ole Miss",2016,"sec"
"Florida",2015,"sec"
"Georgia",2015,"sec"
"Tennessee",2015,"sec"
"Kentucky",2015,"sec"
"Vanderbilt",2015,"sec"
"Missouri",2015,"sec"
"South Carolina",2015,"sec"
"Alabama",2015,"sec"
"Ole Miss",2015,"sec"
"LSU",2015,"sec"
"Arkansas",2015,"sec"
"Mississippi State",2015,"sec"
"Texas A&M",2015,"sec"
"Auburn",2015,"sec"
"Missouri",2014,"sec"
"Georgia",2014,"sec"
"Florida",2014,"sec"
"South Carolina",2014,"sec"
"Tennessee",2014,"sec"
"Kentucky",2014,"sec"
"Vanderbilt",2014,"sec"
"Alabama",2014,"sec"
"Mississippi State",2014,"sec"
"Ole Miss",2014,"sec"
"Auburn",2014,"sec"
"LSU",2014,"sec"
"Texas A&M",2014,"sec"
"Arkansas",2014,"sec"
"Missouri",2013,"sec"
"South Carolina",2013,"sec"
"Georgia",2013,"sec"
"Vanderbilt",2013,"sec"
"Florida",2013,"sec"
"Tennessee",2013,"sec"
"Kentucky",2013,"sec"
"Alabama",2013,"sec"
"Auburn",2013,"sec"
"LSU",2013,"sec"
"Texas A&M",2013,"sec"
"Ole Miss",2013,"sec"
"Mississippi State",2013,"sec"
"Arkansas",2013,"sec"
"Florida",2012,"sec"
"Georgia",2012,"sec"
"South Carolina",2012,"sec"
"Vanderbilt",2012,"sec"
"Missouri",2012,"sec"
"Tennessee",2012,"sec"
"Kentucky",2012,"sec"
"Alabama",2012,"sec"
"Texas A&M",2012,"sec"
"LSU",2012,"sec"
"Mississippi State",2012,"sec"
"Ole Miss",2012,"sec"
"Arkansas",2012,"sec"
"Auburn",2012,"sec"
"Georgia",2011,"sec"
"South Carolina",2011,"sec"
"Florida",2011,"sec"
"Kentucky",2011,"sec"
"Vanderbilt",2011,"sec"
"Tennessee",2011,"sec"
"LSU",2011,"sec"
"Alabama",2011,"sec"
"Arkansas",2011,"sec"
"Auburn",2011,"sec"
"Mississippi State",2011,"sec"
"Ole Miss",2011,"sec"
"South Carolina",2010,"sec"
"Florida",2010,"sec"
"Georgia",2010,"sec"
"Tennessee",2010,"sec"
"Kentucky",2010,"sec"
"Vanderbilt",2010,"sec"
"Auburn",2010,"sec"
"LSU",2010,"sec"
"Arkansas",2010,"sec"
"Alabama",2010,"sec"
"Mississippi State",2010,"sec"
"Ole Miss",2010,"sec"
"Florida",2009,"sec"
"Georgia",2009,"sec"
"Tennessee",2009,"sec"
"Kentucky",2009,"sec"
"South Carolina",2009,"sec"
"Vanderbilt",2009,"sec"
"Alabama",2009,"sec"
"LSU",2009,"sec"
"Ole Miss",2009,"sec"
"Arkansas",2009,"sec"
"Auburn",2009,"sec"
"Mississippi State",2009,"sec"
"Florida",2008,"sec"
"Georgia",2008,"sec"
"South Carolina",2008,"sec"
"Vanderbilt",2008,"sec"
"Tennessee",2008,"sec"
"Kentucky",2008,"sec"
"Alabama",2008,"sec"
"Ole Miss",2008,"sec"
"LSU",2008,"sec"
"Arkansas",2008,"sec"
"Auburn",2008,"sec"
"Mississippi State",2008,"sec"
"Georgia",2007,"sec"
"Tennessee",2007,"sec"
"Florida",2007,"sec"
"Kentucky",2007,"sec"
"South Carolina",2007,"sec"
"Vanderbilt",2007,"sec"
"LSU",2007,"sec"
"Auburn",2007,"sec"
"Arkansas",2007,"sec"
"Mississippi State",2007,"sec"
"Alabama",2007,"sec"
"Ole Miss",2007,"sec"
"Florida",2006,"sec"
"Tennessee",2006,"sec"
"Georgia",2006,"sec"
"Kentucky",2006,"sec"
"South Carolina",2006,"sec"
"Vanderbilt",2006,"sec"
"Arkansas",2006,"sec"
"Auburn",2006,"sec"
"LSU",2006,"sec"
"Alabama",2006,"sec"
"Ole Miss",2006,"sec"
"Mississippi State",2006,"sec"
"Georgia",2005,"sec"
"Florida",2005,"sec"
"South Carolina",2005,"sec"
"Tennessee",2005,"sec"
"Vanderbilt",2005,"sec"
"Kentucky",2005,"sec"
"LSU",2005,"sec"
"Auburn",2005,"sec"
"Alabama",2005,"sec"
"Arkansas",2005,"sec"
"Mississippi State",2005,"sec"
"Ole Miss",2005,"sec"
"Tennessee",2004,"sec"
"Georgia",2004,"sec"
"Florida",2004,"sec"
"South Carolina",2004,"sec"
"Kentucky",2004,"sec"
"Vanderbilt",2004,"sec"
"Auburn",2004,"sec"
"LSU",2004,"sec"
"Alabama",2004,"sec"
"Arkansas",2004,"sec"
"Ole Miss",2004,"sec"
"Mississippi State",2004,"sec"
"Georgia",2003,"sec"
"Tennessee",2003,"sec"
"Florida",2003,"sec"
"South Carolina",2003,"sec"
"Kentucky",2003,"sec"
"Vanderbilt",2003,"sec"
"LSU",2003,"sec"
"Ole Miss",2003,"sec"
"Auburn",2003,"sec"
"Arkansas",2003,"sec"
"Alabama",2003,"sec"
"Mississippi State",2003,"sec"
"Georgia",2002,"sec"
"Florida",2002,"sec"
"Tennessee",2002,"sec"
"Kentucky",2002,"sec"
"South Carolina",2002,"sec"
"Vanderbilt",2002,"sec"
"Alabama",2002,"sec"
"Arkansas",2002,"sec"
"Auburn",2002,"sec"
"LSU",2002,"sec"
"Ole Miss",2002,"sec"
"Mississippi State",2002,"sec"
"Tennessee",2001,"sec"
"Florida",2001,"sec"
"South Carolina",2001,"sec"
"Georgia",2001,"sec"
"Kentucky",2001,"sec"
"Vanderbilt",2001,"sec"
"LSU",2001,"sec"
"Auburn",2001,"sec"
"Ole Miss",2001,"sec"
"Alabama",2001,"sec"
"Arkansas",2001,"sec"
"Mississippi State",2001,"sec"
"Appalachian State",2017,"sun-belt"
"Coastal Carolina",2017,"sun-belt"
"Georgia Southern",2017,"sun-belt"
"Troy",2017,"sun-belt"
"Arkansas State",2017,"sun-belt"
"Georgia State",2017,"sun-belt"
"New Mexico State",2017,"sun-belt"
"Louisiana",2017,"sun-belt"
"Louisiana-Monroe",2017,"sun-belt"
"Idaho",2017,"sun-belt"
"South Alabama",2017,"sun-belt"
"Texas State",2017,"sun-belt"
"Appalachian State",2016,"sun-belt"
"Georgia Southern",2016,"sun-belt"
"Arkansas State",2016,"sun-belt"
"Troy",2016,"sun-belt"
"Idaho",2016,"sun-belt"
"Louisiana",2016,"sun-belt"
"Louisiana-Monroe",2016,"sun-belt"
"South Alabama",2016,"sun-belt"
"Georgia State",2016,"sun-belt"
"New Mexico State",2016,"sun-belt"
"Texas State",2016,"sun-belt"
"Appalachian State",2015,"sun-belt"
"Georgia Southern",2015,"sun-belt"
"Arkansas State",2015,"sun-belt"
"Georgia State",2015,"sun-belt"
"South Alabama",2015,"sun-belt"
"Idaho",2015,"sun-belt"
"Louisiana",2015,"sun-belt"
"Troy",2015,"sun-belt"
"New Mexico State",2015,"sun-belt"
"Texas State",2015,"sun-belt"
"Louisiana-Monroe",2015,"sun-belt"
"Georgia Southern",2014,"sun-belt"
"Appalachian State",2014,"sun-belt"
"Louisiana",2014,"sun-belt"
"Arkansas State",2014,"sun-belt"
"Texas State",2014,"sun-belt"
"South Alabama",2014,"sun-belt"
"Louisiana-Monroe",2014,"sun-belt"
"Troy",2014,"sun-belt"
"New Mexico State",2014,"sun-belt"
"Idaho",2014,"sun-belt"
"Georgia State",2014,"sun-belt"
"Arkansas State",2013,"sun-belt"
"Louisiana",2013,"sun-belt"
"Western Kentucky",2013,"sun-belt"
"Louisiana-Monroe",2013,"sun-belt"
"South Alabama",2013,"sun-belt"
"Troy",2013,"sun-belt"
"Texas State",2013,"sun-belt"
"Georgia State",2013,"sun-belt"
"Arkansas State",2012,"sun-belt"
"Louisiana",2012,"sun-belt"
"Louisiana-Monroe",2012,"sun-belt"
"Middle Tennessee State",2012,"sun-belt"
"Western Kentucky",2012,"sun-belt"
"Troy",2012,"sun-belt"
"North Texas",2012,"sun-belt"
"Florida Atlantic",2012,"sun-belt"
"Florida International",2012,"sun-belt"
"South Alabama",2012,"sun-belt"
"Arkansas State",2011,"sun-belt"
"Western Kentucky",2011,"sun-belt"
"Louisiana",2011,"sun-belt"
"Florida International",2011,"sun-belt"
"North Texas",2011,"sun-belt"
"Louisiana-Monroe",2011,"sun-belt"
"Troy",2011,"sun-belt"
"Middle Tennessee State",2011,"sun-belt"
"Florida Atlantic",2011,"sun-belt"
"Troy",2010,"sun-belt"
"Florida International",2010,"sun-belt"
"Middle Tennessee State",2010,"sun-belt"
"Louisiana-Monroe",2010,"sun-belt"
"Arkansas State",2010,"sun-belt"
"Florida Atlantic",2010,"sun-belt"
"Louisiana",2010,"sun-belt"
"North Texas",2010,"sun-belt"
"Western Kentucky",2010,"sun-belt"
"Troy",2009,"sun-belt"
"Middle Tennessee State",2009,"sun-belt"
"Louisiana-Monroe",2009,"sun-belt"
"Florida Atlantic",2009,"sun-belt"
"Louisiana",2009,"sun-belt"
"Arkansas State",2009,"sun-belt"
"Florida International",2009,"sun-belt"
"North Texas",2009,"sun-belt"
"Western Kentucky",2009,"sun-belt"
"Troy",2008,"sun-belt"
"Louisiana",2008,"sun-belt"
"Florida Atlantic",2008,"sun-belt"
"Arkansas State",2008,"sun-belt"
"Florida International",2008,"sun-belt"
"Middle Tennessee State",2008,"sun-belt"
"Louisiana-Monroe",2008,"sun-belt"
"North Texas",2008,"sun-belt"
"Florida Atlantic",2007,"sun-belt"
"Troy",2007,"sun-belt"
"Louisiana-Monroe",2007,"sun-belt"
"Middle Tennessee State",2007,"sun-belt"
"Arkansas State",2007,"sun-belt"
"Louisiana",2007,"sun-belt"
"North Texas",2007,"sun-belt"
"Florida International",2007,"sun-belt"
"Troy",2006,"sun-belt"
"Middle Tennessee State",2006,"sun-belt"
"Arkansas State",2006,"sun-belt"
"Florida Atlantic",2006,"sun-belt"
"Louisiana",2006,"sun-belt"
"Louisiana-Monroe",2006,"sun-belt"
"North Texas",2006,"sun-belt"
"Florida International",2006,"sun-belt"
"Arkansas State",2005,"sun-belt"
"Louisiana",2005,"sun-belt"
"Louisiana-Monroe",2005,"sun-belt"
"Florida International",2005,"sun-belt"
"Middle Tennessee State",2005,"sun-belt"
"Troy",2005,"sun-belt"
"Florida Atlantic",2005,"sun-belt"
"North Texas",2005,"sun-belt"
"North Texas",2004,"sun-belt"
"Troy",2004,"sun-belt"
"New Mexico State",2004,"sun-belt"
"Louisiana-Monroe",2004,"sun-belt"
"Florida Atlantic",2004,"sun-belt"
"Middle Tennessee State",2004,"sun-belt"
"Arkansas State",2004,"sun-belt"
"Louisiana",2004,"sun-belt"
"Idaho",2004,"sun-belt"
"Utah State",2004,"sun-belt"
"Florida International",2004,"sun-belt"
"North Texas",2003,"sun-belt"
"Louisiana",2003,"sun-belt"
"Arkansas State",2003,"sun-belt"
"Middle Tennessee State",2003,"sun-belt"
"Utah State",2003,"sun-belt"
"Idaho",2003,"sun-belt"
"New Mexico State",2003,"sun-belt"
"Louisiana-Monroe",2003,"sun-belt"
"North Texas",2002,"sun-belt"
"New Mexico State",2002,"sun-belt"
"Arkansas State",2002,"sun-belt"
"Middle Tennessee State",2002,"sun-belt"
"Louisiana",2002,"sun-belt"
"Louisiana-Monroe",2002,"sun-belt"
"Idaho",2002,"sun-belt"
"Middle Tennessee State",2001,"sun-belt"
"North Texas",2001,"sun-belt"
"New Mexico State",2001,"sun-belt"
"Louisiana",2001,"sun-belt"
"Arkansas State",2001,"sun-belt"
"Louisiana-Monroe",2001,"sun-belt"
"Idaho",2001,"sun-belt"
"Louisville",2012,"big-east"
"Cincinnati",2012,"big-east"
"Rutgers",2012,"big-east"
"Syracuse",2012,"big-east"
"Pitt",2012,"big-east"
"Connecticut",2012,"big-east"
"Temple",2012,"big-east"
"South Florida",2012,"big-east"
"Cincinnati",2011,"big-east"
"West Virginia",2011,"big-east"
"Louisville",2011,"big-east"
"Rutgers",2011,"big-east"
"Pitt",2011,"big-east"
"Connecticut",2011,"big-east"
"South Florida",2011,"big-east"
"Syracuse",2011,"big-east"
"Connecticut",2010,"big-east"
"Pitt",2010,"big-east"
"West Virginia",2010,"big-east"
"Syracuse",2010,"big-east"
"South Florida",2010,"big-east"
"Louisville",2010,"big-east"
"Cincinnati",2010,"big-east"
"Rutgers",2010,"big-east"
"Cincinnati",2009,"big-east"
"Pitt",2009,"big-east"
"West Virginia",2009,"big-east"
"Connecticut",2009,"big-east"
"Rutgers",2009,"big-east"
"South Florida",2009,"big-east"
"Louisville",2009,"big-east"
"Syracuse",2009,"big-east"
"Cincinnati",2008,"big-east"
"Pitt",2008,"big-east"
"Rutgers",2008,"big-east"
"West Virginia",2008,"big-east"
"Connecticut",2008,"big-east"
"South Florida",2008,"big-east"
"Louisville",2008,"big-east"
"Syracuse",2008,"big-east"
"West Virginia",2007,"big-east"
"Connecticut",2007,"big-east"
"Cincinnati",2007,"big-east"
"South Florida",2007,"big-east"
"Rutgers",2007,"big-east"
"Louisville",2007,"big-east"
"Pitt",2007,"big-east"
"Syracuse",2007,"big-east"
"Louisville",2006,"big-east"
"Rutgers",2006,"big-east"
"West Virginia",2006,"big-east"
"Cincinnati",2006,"big-east"
"South Florida",2006,"big-east"
"Pitt",2006,"big-east"
"Connecticut",2006,"big-east"
"Syracuse",2006,"big-east"
"West Virginia",2005,"big-east"
"Louisville",2005,"big-east"
"Rutgers",2005,"big-east"
"South Florida",2005,"big-east"
"Pitt",2005,"big-east"
"Connecticut",2005,"big-east"
"Cincinnati",2005,"big-east"
"Syracuse",2005,"big-east"
"Boston College",2004,"big-east"
"Pitt",2004,"big-east"
"West Virginia",2004,"big-east"
"Syracuse",2004,"big-east"
"Connecticut",2004,"big-east"
"Rutgers",2004,"big-east"
"Temple",2004,"big-east"
"Miami (FL)",2003,"big-east"
"West Virginia",2003,"big-east"
"Pitt",2003,"big-east"
"Virginia Tech",2003,"big-east"
"Boston College",2003,"big-east"
"Syracuse",2003,"big-east"
"Rutgers",2003,"big-east"
"Temple",2003,"big-east"
"Miami (FL)",2002,"big-east"
"West Virginia",2002,"big-east"
"Pitt",2002,"big-east"
"Virginia Tech",2002,"big-east"
"Boston College",2002,"big-east"
"Syracuse",2002,"big-east"
"Temple",2002,"big-east"
"Rutgers",2002,"big-east"
"Miami (FL)",2001,"big-east"
"Syracuse",2001,"big-east"
"Boston College",2001,"big-east"
"Virginia Tech",2001,"big-east"
"Pitt",2001,"big-east"
"Temple",2001,"big-east"
"West Virginia",2001,"big-east"
"Rutgers",2001,"big-east"
"Utah State",2012,"wac"
"San Jose State",2012,"wac"
"Louisiana Tech",2012,"wac"
"UTSA",2012,"wac"
"Texas State",2012,"wac"
"Idaho",2012,"wac"
"New Mexico State",2012,"wac"
"Louisiana Tech",2011,"wac"
"Nevada",2011,"wac"
"Utah State",2011,"wac"
"Hawaii",2011,"wac"
"San Jose State",2011,"wac"
"Fresno State",2011,"wac"
"New Mexico State",2011,"wac"
"Idaho",2011,"wac"
"Boise State",2010,"wac"
"Nevada",2010,"wac"
"Hawaii",2010,"wac"
"Fresno State",2010,"wac"
"Louisiana Tech",2010,"wac"
"Idaho",2010,"wac"
"Utah State",2010,"wac"
"New Mexico State",2010,"wac"
"San Jose State",2010,"wac"
"Boise State",2009,"wac"
"Nevada",2009,"wac"
"Fresno State",2009,"wac"
"Idaho",2009,"wac"
"Hawaii",2009,"wac"
"Louisiana Tech",2009,"wac"
"Utah State",2009,"wac"
"New Mexico State",2009,"wac"
"San Jose State",2009,"wac"
"Boise State",2008,"wac"
"Louisiana Tech",2008,"wac"
"Hawaii",2008,"wac"
"Nevada",2008,"wac"
"Fresno State",2008,"wac"
"San Jose State",2008,"wac"
"Utah State",2008,"wac"
"New Mexico State",2008,"wac"
"Idaho",2008,"wac"
"Hawaii",2007,"wac"
"Boise State",2007,"wac"
"Fresno State",2007,"wac"
"Louisiana Tech",2007,"wac"
"Nevada",2007,"wac"
"San Jose State",2007,"wac"
"Utah State",2007,"wac"
"New Mexico State",2007,"wac"
"Idaho",2007,"wac"
"Boise State",2006,"wac"
"Hawaii",2006,"wac"
"Nevada",2006,"wac"
"San Jose State",2006,"wac"
"Fresno State",2006,"wac"
"Idaho",2006,"wac"
"New Mexico State",2006,"wac"
"Louisiana Tech",2006,"wac"
"Utah State",2006,"wac"
"Nevada",2005,"wac"
"Boise State",2005,"wac"
"Fresno State",2005,"wac"
"Louisiana Tech",2005,"wac"
"Hawaii",2005,"wac"
"San Jose State",2005,"wac"
"Utah State",2005,"wac"
"Idaho",2005,"wac"
"New Mexico State",2005,"wac"
"Boise State",2004,"wac"
"UTEP",2004,"wac"
"Fresno State",2004,"wac"
"Louisiana Tech",2004,"wac"
"Hawaii",2004,"wac"
"Nevada",2004,"wac"
"Tulsa",2004,"wac"
"SMU",2004,"wac"
"Rice",2004,"wac"
"San Jose State",2004,"wac"
"Boise State",2003,"wac"
"Fresno State",2003,"wac"
"Tulsa",2003,"wac"
"Hawaii",2003,"wac"
"Rice",2003,"wac"
"Nevada",2003,"wac"
"Louisiana Tech",2003,"wac"
"San Jose State",2003,"wac"
"UTEP",2003,"wac"
"SMU",2003,"wac"
"Boise State",2002,"wac"
"Hawaii",2002,"wac"
"Fresno State",2002,"wac"
"Nevada",2002,"wac"
"San Jose State",2002,"wac"
"Louisiana Tech",2002,"wac"
"Rice",2002,"wac"
"SMU",2002,"wac"
"UTEP",2002,"wac"
"Tulsa",2002,"wac"
"Louisiana Tech",2001,"wac"
"Fresno State",2001,"wac"
"Boise State",2001,"wac"
"Hawaii",2001,"wac"
"Rice",2001,"wac"
"SMU",2001,"wac"
"Nevada",2001,"wac"
"San Jose State",2001,"wac"
"UTEP",2001,"wac"
"Tulsa",2001,"wac"
