Date,VisTeam,HomeTeam,Spread,OverUnder
8/29/2013,UNC,South Carolina,-11,0
8/29/2013,UNLV,Minnesota,-14,0
8/29/2013,Tulsa,Bowling Green,-4.5,0
8/29/2013,Akron,UCF,-21.5,0
8/29/2013,Utah State,Utah,-2.5,0
8/29/2013,Ole Miss,Vanderbilt,3,0
8/29/2013,Rutgers,Fresno State,-10.5,0
8/29/2013,USC,Hawaii,21.5,0
8/30/2013,W Michigan,Michigan State,-26.5,0
8/30/2013,FAU,Miami (FL),-32.5,0
8/30/2013,Texas Tech,SMU,6,0
8/31/2013,UMass,Wisconsin,-44.5,0
8/31/2013,Cent Michigan,Michigan,-31.5,0
8/31/2013,Buffalo,OSU,-36,0
8/31/2013,LA Tech,North Carolina St,-13.5,0
8/31/2013,FIU,Maryland,-19.5,0
8/31/2013,N Illinois,Iowa,-3,0
8/31/2013,Temple,Notre Dame,-29,0
8/31/2013,BYU,UVA,3,0
8/31/2013,Alabama,VT,18,0
8/31/2013,UAB,Troy,-5,0
8/31/2013,Purdue,Cincinnati,-10,0
8/31/2013,Kentucky,W Kentucky,4.5,0
8/31/2013,Miami (OH),Marshall,-17,0
8/31/2013,Miss St,Oklahoma State,-12,0
8/31/2013,Texas State,Southern Miss,-8,0
8/31/2013,New Mexico St,Texas,-42,0
8/31/2013,Toledo,Florida,-23,0
8/31/2013,LA-Lafayette,Arkansas,-10.5,0
8/31/2013,Washington St,Auburn,-15,0
8/31/2013,Idaho,North Texas,-14.5,0
8/31/2013,Penn State,Syracuse,7,0
8/31/2013,Wyoming,Nebraska,-27,0
8/31/2013,UTSA,New Mexico,-3.5,0
8/31/2013,Georgia,Clemson,1.5,0
8/31/2013,LSU,TCU,4,0
8/31/2013,Boise State,Washington,-3.5,0
8/31/2013,Nevada,UCLA,-18,0
8/31/2013,Northwestern,Cal,5.5,0
8/31/2013,UL Monroe,Oklahoma,-22,59.5
8/31/2013,Rice,Texas A&M,-27,0
9/1/2013,Ohio,Louisville,-20,0
9/1/2013,Colorado,Colorado State,-2.5,0
9/2/2013,FSU,Pitt,10,0
9/5/2013,FAU,ECU,-20.5,0
9/6/2013,Wake Forest,Boston College,-3,0
9/6/2013,UCF,FIU,23,0
9/7/2013,Florida,Miami (FL),3,0
9/7/2013,Miami (OH),Kentucky,-17,0
9/7/2013,USF,Michigan State,-22.5,0
9/7/2013,Oklahoma State,UTSA,27,0
9/7/2013,Houston,Temple,3,0
9/7/2013,Cincinnati,Illinois,10,0
9/7/2013,West Virginia,Oklahoma,-18.5,0
9/7/2013,South Carolina,Georgia,-3,0
9/7/2013,San Diego State,OSU,-28.5,0
9/7/2013,Utah State,Air Force,10.5,0
9/7/2013,South Alabama,Tulane,-6,0
9/7/2013,Duke,Memphis,5.5,0
9/7/2013,Navy,Indiana,-12.5,0
9/7/2013,Southern Miss,Nebraska,-27.5,0
9/7/2013,Texas,BYU,6.5,0
9/7/2013,UAB,LSU,-34,0
9/7/2013,Toledo,Missouri,-16.5,0
9/7/2013,Arkansas State,Auburn,-13,0
9/7/2013,Army,Ball State,-8,0
9/7/2013,E Michigan,Penn State,-24,0
9/7/2013,Buffalo,Baylor,-26,0
9/7/2013,Bowling Green,Kent State,8,0
9/7/2013,W Kentucky,Tennessee,-12.5,0
9/7/2013,LA-Lafayette,Kansas State,-10,0
9/7/2013,Notre Dame,Michigan,-3.5,0
9/7/2013,Hawaii,Oregon State,-27.5,0
9/7/2013,Minnesota,New Mexico St,16.5,0
9/7/2013,Idaho,Wyoming,-24.5,0
9/7/2013,New Mexico,UTEP,-6,0
9/7/2013,Washington St,USC,-16.5,0
9/7/2013,Arizona,UNLV,11.5,0
9/7/2013,San Jose State,Stanford,-25.5,0
9/7/2013,North Texas,Ohio,-6,0
9/7/2013,Oregon,UVA,21.5,0
9/7/2013,Colorado State,Tulsa,-11,0
9/7/2013,Mid Tennessee,UNC,-18,66
9/7/2013,Syracuse,Northwestern,-16.5,53
9/12/2013,TCU,Texas Tech,3,0
9/12/2013,Tulane,LA Tech,-7.5,0
9/12/2013,Troy,Arkansas State,-10,0
9/13/2013,Air Force,Boise State,-22.5,0
9/14/2013,E Michigan,Rutgers,-27.5,0
9/14/2013,Stanford,Army,28,0
9/14/2013,Georgia State,West Virginia,-37,0
9/14/2013,Louisville,Kentucky,11,0
9/14/2013,Marshall,Ohio,7.5,0
9/14/2013,Akron,Michigan,-36.5,0
9/14/2013,Bowling Green,Indiana,-2.5,0
9/14/2013,VT,ECU,7,0
9/14/2013,Maryland,UConn,8,0
9/14/2013,New Mexico,Pitt,-21,0
9/14/2013,UL Monroe,Wake Forest,-3,0
9/14/2013,W Kentucky,South Alabama,9.5,0
9/14/2013,Nevada,FSU,-32,0
9/14/2013,UCLA,Nebraska,-4.5,0
9/14/2013,Georgia Tech,Duke,8,0
9/14/2013,Tennessee,Oregon,-24.5,0
9/14/2013,Boston College,USC,-14.5,0
9/14/2013,Iowa,Iowa State,1.5,0
9/14/2013,Alabama,Texas A&M,8,0
9/14/2013,N Illinois,Idaho,27,0
9/14/2013,Miss St,Auburn,-7,0
9/14/2013,Washington,Illinois,10,0
9/14/2013,UCF,Penn State,-6,0
9/14/2013,Ball State,North Texas,3,0
9/14/2013,Memphis,Mid Tennessee,-4.5,0
9/14/2013,Southern Miss,Arkansas,-22,0
9/14/2013,Vanderbilt,South Carolina,-13.5,0
9/14/2013,Tulsa,Oklahoma,-26.5,0
9/14/2013,UMass,Kansas State,-38,0
9/14/2013,FAU,USF,-10.5,0
9/14/2013,Kansas,Rice,-4,0
9/14/2013,Kent State,LSU,-37.5,0
9/14/2013,Notre Dame,Purdue,20.5,0
9/14/2013,UTEP,New Mexico St,6.5,0
9/14/2013,W Michigan,Northwestern,-32.5,0
9/14/2013,UTSA,Arizona,-25,0
9/14/2013,Oregon State,Utah,-2,0
9/14/2013,Cent Michigan,UNLV,-7.5,0
9/14/2013,Wisconsin,Arizona State,-5.5,0
9/14/2013,OSU,Cal,16,0
9/14/2013,Ole Miss,Texas,-3,65.5
9/19/2013,Clemson,North Carolina St,14,0
9/20/2013,Boise State,Fresno State,-4,0
9/21/2013,North Texas,Georgia,-32,0
9/21/2013,FIU,Louisville,-42,0
9/21/2013,W Michigan,Iowa,-17,0
9/21/2013,Vanderbilt,UMass,32,0
9/21/2013,Tennessee,Florida,-14.5,0
9/21/2013,Wake Forest,Army,4,0
9/21/2013,Pitt,Duke,4.5,0
9/21/2013,Michigan,UConn,18.5,0
9/21/2013,Purdue,Wisconsin,-24,0
9/21/2013,Ball State,E Michigan,11,0
9/21/2013,Kent State,Penn State,-18.5,0
9/21/2013,Marshall,VT,-11.5,0
9/21/2013,Cincinnati,Miami (OH),22,0
9/21/2013,UNC,Georgia Tech,-5.5,0
9/21/2013,West Virginia,Maryland,-4.5,0
9/21/2013,Troy,Miss St,-14.5,0
9/21/2013,UL Monroe,Baylor,-27.5,0
9/21/2013,Wyoming,Air Force,2.5,0
9/21/2013,Utah,BYU,-7,0
9/21/2013,Hawaii,Nevada,-12.5,0
9/21/2013,Utah State,USC,-7,0
9/21/2013,SMU,Texas A&M,-2.5,0
9/21/2013,Rice,Houston,-2.5,0
9/21/2013,Michigan State,Notre Dame,-7,0
9/21/2013,Kansas State,Texas,-6,0
9/21/2013,Arkansas State,Memphis,6.5,0
9/21/2013,LA Tech,Kansas,-9.5,0
9/21/2013,Colorado State,Alabama,-38,0
9/21/2013,Arizona State,Stanford,-8,0
9/21/2013,LA-Lafayette,Akron,8,0
9/21/2013,Idaho,Washington St,-31,0
9/21/2013,Mid Tennessee,FAU,5.5,0
9/21/2013,Tulane,Syracuse,-10.5,0
9/21/2013,Texas State,Texas Tech,-26,0
9/21/2013,Oregon State,San Diego State,10.5,0
9/21/2013,Auburn,LSU,-15.5,0
9/21/2013,UTSA,UTEP,-3,0
9/21/2013,Missouri,Indiana,5.5,0
9/21/2013,New Mexico St,UCLA,-39,0
9/21/2013,San Jose State,Minnesota,-4.5,51
9/21/2013,Arkansas,Rutgers,1,0
9/21/2013,Toledo,Cent Michigan,13,56.5
9/26/2013,Iowa State,Tulsa,-3,0
9/26/2013,VT,Georgia Tech,-7,0
9/27/2013,Mid Tennessee,BYU,-21.5,0
9/27/2013,Utah State,San Jose State,9.5,0
9/28/2013,UVA,Pitt,-7,0
9/28/2013,N Illinois,Purdue,3.5,0
9/28/2013,Troy,Duke,-11,0
9/28/2013,UConn,Buffalo,2.5,0
9/28/2013,Toledo,Ball State,-3,0
9/28/2013,Cent Michigan,North Carolina St,-23,0
9/28/2013,Kent State,W Michigan,-3,0
9/28/2013,ECU,UNC,-11,0
9/28/2013,FSU,Boston College,22,0
9/28/2013,UAB,Vanderbilt,-20,0
9/28/2013,Miami (OH),Illinois,-24.5,0
9/28/2013,SMU,TCU,-19,0
9/28/2013,Arkansas State,Missouri,-21,0
9/28/2013,Iowa,Minnesota,0,0
9/28/2013,UTEP,Colorado State,-12,0
9/28/2013,LSU,Georgia,-3,0
9/28/2013,Arizona,Washington,-7,0
9/28/2013,Ole Miss,Alabama,-17.5,0
9/28/2013,Cal,Oregon,-35,0
9/28/2013,USC,Arizona State,-7,0
9/28/2013,Army,LA Tech,-1,0
9/28/2013,Oklahoma,Notre Dame,3,0
9/28/2013,Southern Miss,Boise State,-26,0
9/28/2013,Wake Forest,Clemson,-27.5,0
9/28/2013,Temple,Idaho,9.5,0
9/28/2013,Tulane,UL Monroe,-11.5,0
9/28/2013,Houston,UTSA,3,0
9/28/2013,Akron,Bowling Green,-15.5,0
9/28/2013,Colorado,Oregon State,-10,0
9/28/2013,South Carolina,UCF,7.5,0
9/28/2013,Florida,Kentucky,14,0
9/28/2013,Stanford,Washington St,9.5,0
9/28/2013,Wyoming,Texas State,11,0
9/28/2013,Navy,W Kentucky,1,0
9/28/2013,FAU,Rice,-13.5,0
9/28/2013,South Alabama,Tennessee,-19,0
9/28/2013,Oklahoma State,West Virginia,21,0
9/28/2013,Wisconsin,OSU,-8,0
9/28/2013,UNLV,New Mexico,2,0
9/28/2013,San Diego State,New Mexico St,17.5,0
9/28/2013,Miami (FL),USF,19.5,0
9/28/2013,Air Force,Nevada,-7,63
9/28/2013,Texas A&M,Arkansas,14,62
10/3/2013,Texas,Iowa State,7,55
10/3/2013,W Kentucky,UL Monroe,4,0
10/3/2013,UCLA,Utah,4,0
10/4/2013,BYU,Utah State,-5.5,0
10/4/2013,Nevada,San Diego State,-5.5,0
10/5/2013,Michigan State,Iowa,-1,38
10/5/2013,Louisville,Temple,32,59
10/5/2013,W Michigan,Toledo,-23,58
10/5/2013,E Michigan,Buffalo,-13.5,53
10/5/2013,Georgia State,Alabama,-54,58
10/5/2013,Army,Boston College,-11,50
10/5/2013,Cent Michigan,Miami (OH),3,47
10/5/2013,Ball State,UVA,-3.5,48
10/5/2013,Maryland,FSU,-16,58
10/5/2013,Clemson,Syracuse,14.5,64.5
10/5/2013,North Carolina St,Wake Forest,7.5,47
10/5/2013,Illinois,Nebraska,-7,61
10/5/2013,UTSA,Marshall,-14.5,65
10/5/2013,North Texas,Tulane,3,53.5
10/5/2013,Oregon,Colorado,38,69
10/5/2013,Georgia,Tennessee,11,64
10/5/2013,Arkansas,Florida,-13,42
10/5/2013,LSU,Miss St,8,55
10/5/2013,Rice,Tulsa,-3,55
10/5/2013,UNC,VT,-7,45
10/5/2013,TCU,Oklahoma,-8,46
10/5/2013,Cincinnati,USF,11,48
10/5/2013,Kansas State,Oklahoma State,-13.5,59
10/5/2013,Missouri,Vanderbilt,1,56.5
10/5/2013,Minnesota,Michigan,-18,48.5
10/5/2013,UCF,Memphis,9.5,48
10/5/2013,Rutgers,SMU,4,55
10/5/2013,Fresno State,Idaho,28,67
10/5/2013,Texas State,LA-Lafayette,-11,55
10/5/2013,South Alabama,Troy,-3.5,62.5
10/5/2013,New Mexico St,New Mexico,-11,61
10/5/2013,Washington,Stanford,-8,53
10/5/2013,N Illinois,Kent State,8,64
10/5/2013,Ole Miss,Auburn,3,56.5
10/5/2013,Kentucky,South Carolina,-22,54
10/5/2013,FIU,Southern Miss,-17,46
10/5/2013,UMass,Bowling Green,-26,51
10/5/2013,FAU,UAB,-4,53
10/5/2013,ECU,Mid Tennessee,7.5,52
10/5/2013,Ohio,Akron,3.5,57
10/5/2013,Arizona State,Notre Dame,6,63
10/5/2013,West Virginia,Baylor,-29.5,70
10/5/2013,LA Tech,UTEP,-2,60
10/5/2013,OSU,Northwestern,6.5,58
10/5/2013,Penn State,Indiana,3.5,65
10/5/2013,Washington St,Cal,1.5,66
10/5/2013,Georgia Tech,Miami (FL),-6.5,55.5
10/5/2013,Air Force,Navy,-11.5,0
10/5/2013,Texas Tech,Kansas,16.5,56
10/10/2013,Rutgers,Louisville,-19,0
10/10/2013,Arizona,USC,-5.5,48
10/10/2013,San Diego State,Air Force,3.5,52.5
10/11/2013,Temple,Cincinnati,-20,55
10/12/2013,Oklahoma,Texas,14,57
10/12/2013,Indiana,Michigan State,-10,53.5
10/12/2013,Pitt,VT,-8,42.5
10/12/2013,Miami (OH),UMass,-6,44.5
10/12/2013,Boston College,Clemson,-24,64
10/12/2013,Buffalo,W Michigan,10,50
10/12/2013,Cent Michigan,Ohio,-20,53
10/12/2013,USF,UConn,-4,41.5
10/12/2013,Navy,Duke,-3.5,56.5
10/12/2013,Troy,Georgia State,15,62
10/12/2013,Texas A&M,Ole Miss,7,78.5
10/12/2013,Kent State,Ball State,-14,62.5
10/12/2013,Bowling Green,Miss St,-11,52.5
10/12/2013,Akron,N Illinois,-23.5,62
10/12/2013,Iowa State,Texas Tech,-14.5,58
10/12/2013,Rice,UTSA,1.5,55
10/12/2013,New Mexico,Wyoming,-14,71
10/12/2013,Stanford,Utah,7.5,52.5
10/12/2013,Georgia Tech,BYU,-7,53.5
10/12/2013,Nebraska,Purdue,14,57
10/12/2013,Missouri,Georgia,-7,67
10/12/2013,Baylor,Kansas State,17.5,74
10/12/2013,Florida,LSU,-7.5,48.5
10/12/2013,Colorado,Arizona State,-28,68
10/12/2013,Oregon,Washington,13.5,76
10/12/2013,Cal,UCLA,-25,74
10/12/2013,ECU,Tulane,12.5,53
10/12/2013,South Carolina,Arkansas,4.5,51
10/12/2013,Alabama,Kentucky,27,51.5
10/12/2013,San Jose State,Colorado State,-4,60
10/12/2013,Idaho,Arkansas State,-26.5,62.5
10/12/2013,Michigan,Penn State,2.5,50.5
10/12/2013,Syracuse,North Carolina St,-6.5,53
10/12/2013,Memphis,Houston,-9,52.5
10/12/2013,Marshall,FAU,10,56
10/12/2013,Kansas,TCU,-24.5,45
10/12/2013,Mid Tennessee,North Texas,-6,54
10/12/2013,UL Monroe,Texas State,-6.5,45
10/12/2013,Boise State,Utah State,6,50.5
10/12/2013,Oregon State,Washington St,-1.5,62.5
10/12/2013,Tulsa,UTEP,10.5,65.5
10/12/2013,Hawaii,UNLV,-8.5,57
10/12/2013,E Michigan,Army,-9.5,58
10/12/2013,UVA,Maryland,-5,44
10/12/2013,Northwestern,Wisconsin,-10,57.5
10/12/2013,UAB,FIU,7,53
10/15/2013,LA-Lafayette,W Kentucky,-3,61.5
10/17/2013,Miami (FL),UNC,9.5,66
10/18/2013,UCF,Louisville,-14,55.5
10/19/2013,LSU,Ole Miss,10,60
10/19/2013,Florida,Missouri,3,44
10/19/2013,North Texas,LA Tech,3.5,53
10/19/2013,Washington,Arizona State,-3.5,66.5
10/19/2013,South Carolina,Tennessee,7.5,54.5
10/19/2013,Arkansas,Alabama,-29,49
10/19/2013,Iowa,OSU,-18,54.5
10/19/2013,Oregon State,Cal,11,71.5
10/19/2013,Syracuse,Georgia Tech,-7.5,54
10/19/2013,Indiana,Michigan,-9.5,67
10/19/2013,Washington St,Oregon,-40,72
10/19/2013,Auburn,Texas A&M,-13,72
10/19/2013,Colorado State,Wyoming,-6,66.5
10/19/2013,SMU,Memphis,-3.5,47
10/19/2013,UConn,Cincinnati,-15.5,45.5
10/19/2013,Navy,Toledo,-9.5,54.5
10/19/2013,Texas Tech,West Virginia,5.5,57
10/19/2013,FSU,Clemson,4.5,63.5
10/19/2013,Southern Miss,ECU,-23.5,55
10/19/2013,Purdue,Michigan State,-27.5,44
10/19/2013,N Illinois,Cent Michigan,14.5,59.5
10/19/2013,Ball State,W Michigan,20,58.5
10/19/2013,Ohio,E Michigan,15,55.5
10/19/2013,Army,Temple,1,60.5
10/19/2013,Duke,UVA,-2.5,53
10/19/2013,Maryland,Wake Forest,5.5,50
10/19/2013,Minnesota,Northwestern,-13.5,53.5
10/19/2013,Kent State,South Alabama,-7,55
10/19/2013,Utah State,New Mexico,13,52.5
10/19/2013,BYU,Houston,9,64
10/19/2013,UMass,Buffalo,-19.5,47.5
10/19/2013,Georgia State,Texas State,-16.5,48
10/19/2013,Akron,Miami (OH),7,45
10/19/2013,Iowa State,Baylor,-33,77
10/19/2013,Oklahoma,Kansas,22,49.5
10/19/2013,TCU,Oklahoma State,-7.5,51
10/19/2013,UCLA,Stanford,-5,54
10/19/2013,USC,Notre Dame,-3,50.5
10/19/2013,Rice,New Mexico St,17.5,56.5
10/19/2013,Nevada,Boise State,-24,68
10/19/2013,Wisconsin,Illinois,14,56
10/19/2013,Georgia,Vanderbilt,7,61
10/19/2013,Utah,Arizona,-4,60
10/19/2013,UNLV,Fresno State,-25,74.5
10/22/2013,LA-Lafayette,Arkansas State,2.5,68
10/24/2013,Kentucky,Miss St,-12,54.5
10/24/2013,Marshall,Mid Tennessee,10,56.5
10/25/2013,Boise State,BYU,-7,61
10/26/2013,Buffalo,Kent State,-1,50.5
10/26/2013,W Michigan,UMass,-3.5,46.5
10/26/2013,Houston,Rutgers,-7,61
10/26/2013,Boston College,UNC,-7,57.5
10/26/2013,South Alabama,Texas State,2,51.5
10/26/2013,Notre Dame,Air Force,20,56
10/26/2013,Georgia State,UL Monroe,-11.5,50.5
10/26/2013,Troy,W Kentucky,-10,61.5
10/26/2013,Stanford,Oregon State,3.5,56.5
10/26/2013,Wyoming,San Jose State,-7.5,71
10/26/2013,UNLV,Nevada,-5,66.5
10/26/2013,Northwestern,Iowa,-4,53
10/26/2013,Texas,TCU,-2,51
10/26/2013,Texas Tech,Oklahoma,-7,59
10/26/2013,North Carolina St,FSU,-32.5,58
10/26/2013,Wake Forest,Miami (FL),-24,54
10/26/2013,Michigan State,Illinois,10,49.5
10/26/2013,West Virginia,Kansas State,-11.5,53
10/26/2013,Cal,Washington,-27.5,65.5
10/26/2013,Tulsa,Tulane,2.5,48.5
10/26/2013,Utah,USC,-6.5,54.5
10/26/2013,UCLA,Oregon,-23,71
10/26/2013,Tennessee,Alabama,-28,52
10/26/2013,FAU,Auburn,-24,51
10/26/2013,Vanderbilt,Texas A&M,-17,69
10/26/2013,Arizona,Colorado,13.5,58
10/26/2013,E Michigan,N Illinois,-30.5,66.5
10/26/2013,Temple,SMU,-13.5,60.5
10/26/2013,Idaho,Ole Miss,-42,58.5
10/26/2013,UAB,UTSA,-7,59.5
10/26/2013,Pitt,Navy,5,51.5
10/26/2013,Duke,VT,-13.5,47.5
10/26/2013,Clemson,Maryland,14,59.5
10/26/2013,Miami (OH),Ohio,-25,51
10/26/2013,Ball State,Akron,9,55.5
10/26/2013,UConn,UCF,-23.5,53
10/26/2013,Georgia Tech,UVA,10,48
10/26/2013,North Texas,Southern Miss,11.5,49.5
10/26/2013,LA Tech,FIU,6,50
10/26/2013,South Carolina,Missouri,-3,53
10/26/2013,Oklahoma State,Iowa State,13,56.5
10/26/2013,Baylor,Kansas,34.5,66
10/26/2013,Nebraska,Minnesota,10,52
10/26/2013,Louisville,USF,20.5,46.5
10/26/2013,Toledo,Bowling Green,-3.5,56
10/26/2013,Penn State,OSU,-14.5,56.5
10/26/2013,UTEP,Rice,-18,59
10/26/2013,Fresno State,San Diego State,6,65
10/30/2013,Cincinnati,Memphis,1.5,44.5
10/31/2013,USF,Houston,-19.5,54
10/31/2013,Rice,North Texas,-3,52.5
10/31/2013,UL Monroe,Troy,-3,60.5
10/31/2013,Arizona State,Washington St,10.5,70
11/1/2013,USC,Oregon State,-999,0
11/2/2013,Arkansas State,South Alabama,-3.5,63.5
11/2/2013,Hawaii,Utah State,-24,50.5
11/2/2013,Auburn,Arkansas,7.5,55.5
11/2/2013,Northwestern,Nebraska,-6,59
11/2/2013,Navy,Notre Dame,-15,48.5
11/2/2013,Colorado,UCLA,-27.5,57
11/2/2013,Minnesota,Indiana,-7.5,67
11/2/2013,OSU,Purdue,32,57.5
11/2/2013,Michigan,Michigan State,-4,46.5
11/2/2013,Wisconsin,Iowa,9,48.5
11/2/2013,Miami (FL),FSU,-21,62
11/2/2013,Arizona,Cal,15.5,68
11/2/2013,Georgia,Florida,3,46
11/2/2013,West Virginia,TCU,-11.5,45.5
11/2/2013,Army,Air Force,-1,54
11/2/2013,UTSA,Tulsa,-4,53.5
11/2/2013,Mid Tennessee,UAB,3,62
11/2/2013,UTEP,Texas A&M,-47.5,76.5
11/2/2013,Southern Miss,Marshall,-32,57
11/2/2013,Iowa State,Kansas State,-17.5,52
11/2/2013,Tennessee,Missouri,-11,55.5
11/2/2013,W Kentucky,Georgia State,18,56
11/2/2013,Wake Forest,Syracuse,-4,51.5
11/2/2013,Pitt,Georgia Tech,-11.5,54
11/2/2013,Illinois,Penn State,-12,56
11/2/2013,Kent State,Akron,-1,52.5
11/2/2013,Temple,Rutgers,-13,57
11/2/2013,N Illinois,UMass,25.5,59.5
11/2/2013,E Michigan,Toledo,-30.5,66
11/2/2013,VT,Boston College,4.5,40
11/2/2013,Clemson,UVA,17.5,56.5
11/2/2013,San Jose State,UNLV,4,66.5
11/2/2013,New Mexico St,LA-Lafayette,-32.5,65.5
11/2/2013,Texas State,Idaho,11,50.5
11/2/2013,UNC,North Carolina St,5.5,58
11/2/2013,Kansas,Texas,-27.5,52.5
11/2/2013,Tulane,FAU,-2.5,47.5
11/2/2013,Oklahoma State,Texas Tech,1,69
11/2/2013,ECU,FIU,24.5,51.5
11/2/2013,Nevada,Fresno State,-20.5,73
11/2/2013,Miss St,South Carolina,-12,52
11/2/2013,Boise State,Colorado State,6.5,60
11/2/2013,New Mexico,San Diego State,-14,56.5
11/5/2013,Ohio,Buffalo,-4,55.5
11/5/2013,Bowling Green,Miami (OH),24,48
11/6/2013,Cent Michigan,Ball State,-19.5,0
11/7/2013,Oklahoma,Baylor,-15.5,73
11/7/2013,Troy,LA-Lafayette,-13.5,67
11/7/2013,Oregon,Stanford,10.5,61.5
11/8/2013,Louisville,UConn,28,49
11/8/2013,Air Force,New Mexico,-3,59
11/9/2013,Boston College,New Mexico St,24.5,60.5
11/9/2013,Notre Dame,Pitt,3.5,50
11/9/2013,USC,Cal,16,57
11/9/2013,Texas,West Virginia,6,55.5
11/9/2013,Colorado,Washington,-28,61
11/9/2013,Kansas State,Texas Tech,-2.5,59.5
11/9/2013,Fresno State,Wyoming,8.5,78.5
11/9/2013,W Michigan,E Michigan,2.5,58
11/9/2013,Hawaii,Navy,-16,52.5
11/9/2013,VT,Miami (FL),-6.5,44
11/9/2013,UAB,Marshall,-24,67
11/9/2013,FSU,Wake Forest,34.5,54.5
11/9/2013,TCU,Iowa State,7,46.5
11/9/2013,Illinois,Indiana,-9.5,78.5
11/9/2013,Tulsa,ECU,-16,52.5
11/9/2013,North Carolina St,Duke,-10,55.5
11/9/2013,SMU,Cincinnati,-8.5,65.5
11/9/2013,W Kentucky,Army,5.5,57
11/9/2013,Iowa,Purdue,14.5,44.5
11/9/2013,UTEP,North Texas,-25,55.5
11/9/2013,Miss St,Texas A&M,-19,68.5
11/9/2013,Kansas,Oklahoma State,-30.5,53
11/9/2013,Nebraska,Michigan,-6.5,57.5
11/9/2013,Arizona State,Utah,7,63.5
11/9/2013,Nevada,Colorado State,-8.5,66
11/9/2013,Arkansas,Ole Miss,-17,54
11/9/2013,BYU,Wisconsin,-8.5,55.5
11/9/2013,Tulane,UTSA,-8.5,50.5
11/9/2013,UVA,UNC,-13,52.5
11/9/2013,Missouri,Kentucky,14,56.5
11/9/2013,Syracuse,Maryland,-5,55
11/9/2013,Penn State,Minnesota,-3,48
11/9/2013,Utah State,UNLV,14,55.5
11/9/2013,FIU,Mid Tennessee,-18.5,48.5
11/9/2013,Arkansas State,UL Monroe,-3.5,56.5
11/9/2013,Southern Miss,LA Tech,-16.5,53
11/9/2013,Auburn,Tennessee,7,55
11/9/2013,Houston,UCF,-11.5,64
11/9/2013,UCLA,Arizona,-2.5,57.5
11/9/2013,LSU,Alabama,-12.5,54.5
11/9/2013,San Diego State,San Jose State,-6.5,56
11/9/2013,Vanderbilt,Florida,-12,41.5
11/12/2013,Ohio,Bowling Green,-10,50
11/12/2013,Buffalo,Toledo,-4.5,55
11/13/2013,Ball State,N Illinois,-7.5,72
11/13/2013,Miami (OH),Kent State,-17.5,48
11/14/2013,Georgia Tech,Clemson,-10.5,61
11/14/2013,Marshall,Tulsa,13.5,63
11/15/2013,Washington,UCLA,-2.5,61
11/16/2013,LA Tech,Rice,-16.5,52
11/16/2013,Purdue,Penn State,-21.5,46
11/16/2013,UCF,Temple,16,56
11/16/2013,UNC,Pitt,-1,52.5
11/16/2013,Cincinnati,Rutgers,-1,52.5
11/16/2013,North Carolina St,Boston College,-7,53.5
11/16/2013,Maryland,VT,-16,43
11/16/2013,Cent Michigan,W Michigan,2,51.5
11/16/2013,Houston,Louisville,-17,57.5
11/16/2013,Kentucky,Vanderbilt,-12.5,52.5
11/16/2013,Indiana,Wisconsin,-25.5,69
11/16/2013,Miami (FL),Duke,3,61.5
11/16/2013,Memphis,USF,1.5,40.5
11/16/2013,Colorado State,New Mexico,6.5,65.5
11/16/2013,Stanford,USC,3.5,47
11/16/2013,Alabama,Miss St,23,52
11/16/2013,San Jose State,Nevada,7,66
11/16/2013,OSU,Illinois,32.5,66.5
11/16/2013,Michigan State,Nebraska,5.5,42
11/16/2013,South Alabama,Navy,-7.5,57
11/16/2013,Iowa State,Oklahoma,-24,49
11/16/2013,Oklahoma State,Texas,3,63.5
11/16/2013,Georgia,Auburn,-3.5,63.5
11/16/2013,Oregon State,Arizona State,-14,64
11/16/2013,Wyoming,Boise State,-23,68.5
11/16/2013,Texas Tech,Baylor,-27.5,85
11/16/2013,Cal,Colorado,-2.5,66.5
11/16/2013,LA-Lafayette,Georgia State,21,60
11/16/2013,West Virginia,Kansas,6.5,48.5
11/16/2013,Florida,South Carolina,-13,42
11/16/2013,Utah,Oregon,-26.5,65
11/16/2013,UAB,ECU,-27.5,66
11/16/2013,Akron,UMass,7,45
11/16/2013,FAU,Southern Miss,17,50
11/16/2013,Syracuse,FSU,-37.5,55.5
11/16/2013,Michigan,Northwestern,-2.5,50.5
11/16/2013,UConn,SMU,-15.5,56.5
11/16/2013,TCU,Kansas State,-11,46
11/16/2013,Troy,Ole Miss,-28,68
11/16/2013,Texas State,Arkansas State,-7.5,52
11/16/2013,FIU,UTEP,-6,47.5
11/16/2013,Washington St,Arizona,-11.5,65.5
11/16/2013,San Diego State,Hawaii,4.5,58.5
11/19/2013,Buffalo,Miami (OH),24,0
11/19/2013,Kent State,Ohio,-5.5,0
11/20/2013,N Illinois,Toledo,2.5,72.5
11/21/2013,Rutgers,UCF,-17.5,59.5
11/21/2013,Rice,UAB,17,63.5
11/21/2013,UNLV,Air Force,-2,60
11/22/2013,Navy,San Jose State,-2.5,59
11/23/2013,UL Monroe,South Alabama,-3.5,56
11/23/2013,BYU,Notre Dame,1,54
11/23/2013,UTEP,Tulane,-16,47.5
11/23/2013,Oregon,Arizona,20.5,67
11/23/2013,Texas A&M,LSU,-4.5,71.5
11/23/2013,USC,Colorado,22,54.5
11/23/2013,Michigan,Iowa,-5.5,46.5
11/23/2013,W Kentucky,Texas State,4.5,51
11/23/2013,Hawaii,Wyoming,-6.5,62.5
11/23/2013,UMass,Cent Michigan,-11.5,46.5
11/23/2013,Vanderbilt,Tennessee,-3,53.5
11/23/2013,Memphis,Louisville,-23.5,43
11/23/2013,Cincinnati,Houston,-3,59
11/23/2013,UVA,Miami (FL),-20.5,58
11/23/2013,Duke,Wake Forest,5.5,49.5
11/23/2013,Kansas,Iowa State,-5,45.5
11/23/2013,Kentucky,Georgia,-24.5,62.5
11/23/2013,ECU,North Carolina St,5.5,54.5
11/23/2013,Pitt,Syracuse,1,49.5
11/23/2013,Miss St,Arkansas,1.5,0
11/23/2013,Illinois,Purdue,7,55.5
11/23/2013,New Mexico,Fresno State,-31.5,66.5
11/23/2013,Georgia State,Arkansas State,-24,57
11/23/2013,Mid Tennessee,Southern Miss,23,55
11/23/2013,Baylor,Oklahoma State,9.5,77.5
11/23/2013,UTSA,North Texas,-7.5,49
11/23/2013,Cal,Stanford,-31.5,56
11/23/2013,Colorado State,Utah State,-10,58
11/23/2013,Arizona State,UCLA,2.5,62
11/23/2013,Bowling Green,E Michigan,24,56.5
11/23/2013,Wisconsin,Minnesota,16.5,50
11/23/2013,Boston College,Maryland,0,53.5
11/23/2013,Marshall,FIU,32.5,55
11/23/2013,Idaho,FSU,-57,69
11/23/2013,Michigan State,Northwestern,7,41.5
11/23/2013,Indiana,OSU,-34.5,82
11/23/2013,UConn,Temple,-7.5,50.5
11/23/2013,Nebraska,Penn State,-1.5,50
11/23/2013,SMU,USF,4,55
11/23/2013,New Mexico St,FAU,-22.5,56
11/23/2013,Tulsa,LA Tech,3.5,53.5
11/23/2013,Oklahoma,Kansas State,-5,54.5
11/23/2013,Missouri,Ole Miss,2.5,58
11/23/2013,Utah,Washington St,-1.5,53.5
11/23/2013,Boise State,San Diego State,5.5,57
11/23/2013,Washington,Oregon State,1.5,62
11/26/2013,W Michigan,N Illinois,-35,61
11/28/2013,Texas Tech,Texas,-4.5,0
11/28/2013,Ole Miss,Miss St,3,0
11/29/2013,Iowa,Nebraska,-3,0
11/29/2013,Toledo,Akron,7.5,0
11/29/2013,Miami (OH),Ball State,-34.5,0
11/29/2013,ECU,Marshall,-3,0
11/29/2013,Bowling Green,Buffalo,1.5,0
11/29/2013,Arkansas,LSU,-25,0
11/29/2013,Texas State,Troy,-6.5,0
11/29/2013,FIU,FAU,-28.5,0
11/29/2013,USF,UCF,-27,0
11/29/2013,Fresno State,San Jose State,8.5,0
11/29/2013,Miami (FL),Pitt,2.5,0
11/29/2013,E Michigan,Cent Michigan,-19,0
11/29/2013,UMass,Ohio,-16.5,0
11/29/2013,SMU,Houston,-9.5,0
11/29/2013,Oregon State,Oregon,-21.5,0
11/29/2013,Washington St,Washington,-14,0
11/30/2013,OSU,Michigan,14.5,0
11/30/2013,Boston College,Syracuse,2,0
11/30/2013,Maryland,North Carolina St,2.5,0
11/30/2013,Wake Forest,Vanderbilt,-14,0
11/30/2013,Duke,UNC,-5,0
11/30/2013,Iowa State,West Virginia,-9.5,0
11/30/2013,Northwestern,Illinois,3.5,0
11/30/2013,Purdue,Indiana,-20.5,0
11/30/2013,Rutgers,UConn,3,0
11/30/2013,Tennessee,Kentucky,3.5,0
11/30/2013,Minnesota,Michigan State,-14,0
11/30/2013,Temple,Memphis,-8.5,0
11/30/2013,Southern Miss,UAB,-14.5,0
11/30/2013,South Alabama,Georgia State,9.5,0
11/30/2013,Wyoming,Utah State,-20.5,0
11/30/2013,Colorado,Utah,-16.5,0
11/30/2013,BYU,Nevada,14.5,0
11/30/2013,Tulane,Rice,-13.5,0
11/30/2013,Texas A&M,Missouri,-4.5,0
11/30/2013,VT,UVA,13,0
11/30/2013,Alabama,Auburn,10.5,0
11/30/2013,New Mexico,Boise State,-35.5,0
11/30/2013,Baylor,TCU,12.5,0
11/30/2013,Air Force,Colorado State,-15,0
11/30/2013,Kansas State,Kansas,16.5,0
11/30/2013,Penn State,Wisconsin,-24.5,0
11/30/2013,LA Tech,UTSA,-15.5,0
11/30/2013,Idaho,New Mexico St,-4.5,0
11/30/2013,San Diego State,UNLV,3.5,0
11/30/2013,Arkansas State,W Kentucky,-6.5,0
11/30/2013,North Texas,Tulsa,4.5,0
11/30/2013,UL Monroe,LA-Lafayette,-14.5,0
11/30/2013,UTEP,Mid Tennessee,-22.5,0
11/30/2013,Clemson,South Carolina,-5,0
11/30/2013,UCLA,USC,-3.5,0
11/30/2013,Notre Dame,Stanford,-14,0
11/30/2013,Arizona,Arizona State,-11.5,0
11/30/2013,Army,Hawaii,-6.5,0
11/30/2013,Georgia,Georgia Tech,3.5,0
11/30/2013,FSU,Florida,27.5,0
12/5/2013,Louisville,Cincinnati,3.5,0
12/6/2013,Bowling Green,N Illinois,-3,0
12/7/2013,Memphis,UConn,1,0
12/7/2013,USF,Rutgers,-7,0
12/7/2013,Texas,Baylor,-13.5,0
12/7/2013,Oklahoma,Oklahoma State,-11,0
12/7/2013,Missouri,Auburn,-2,0
12/7/2013,Duke,FSU,-28,0
12/7/2013,Stanford,Arizona State,-4,0
12/7/2013,OSU,Michigan State,6,0
12/7/2013,Utah State,Fresno State,-3.5,0
12/7/2013,LA-Lafayette,South Alabama,-3,58
12/7/2013,Marshall,Rice,-999,61
12/7/2013,UCF,SMU,10,59.5
12/14/2013,Army,Navy,-11,54.5
8/28/2014,Texas A&M,South Carolina,-9,60.5
8/28/2014,Wake Forest,UL Monroe,-2,45
8/28/2014,Tulane,Tulsa,-5.5,46.5
8/28/2014,Ole Miss,Boise State,9.5,51.5
8/28/2014,Temple,Vanderbilt,-8.5,49.5
8/28/2014,Rutgers,Washington St,-7.5,61
8/29/2014,BYU,UConn,14.5,54
8/29/2014,Bowling Green,W Kentucky,6.5,63.5
8/29/2014,Colorado State,Colorado,-2.5,53.5
8/29/2014,UTSA,Houston,-9,55.5
8/29/2014,UNLV,Arizona,-21,59
8/30/2014,Penn State,UCF,-2.5,43.5
8/30/2014,OSU,Navy,13.5,53
8/30/2014,UCLA,UVA,18,50.5
8/30/2014,Appalachian St,Michigan,-29,54
8/30/2014,Troy,UAB,2.5,60
8/30/2014,Cal,Northwestern,-8.5,63
8/30/2014,Ga Southern,North Carolina St,-20.5,57
8/30/2014,FAU,Nebraska,-20,51.5
8/30/2014,Boston College,UMass,17.5,48
8/30/2014,Marshall,Miami (OH),24.5,62
8/30/2014,Rice,Notre Dame,-19.5,52.5
8/30/2014,Alabama,West Virginia,22,53
8/30/2014,Clemson,Georgia,-9.5,55.5
8/30/2014,Ohio,Kent State,-3,46.5
8/30/2014,LA Tech,Oklahoma,-34,56.5
8/30/2014,W Michigan,Purdue,-7.5,51
8/30/2014,Fresno State,USC,-18.5,58.5
8/30/2014,Southern Miss,Miss St,-31,54
8/30/2014,FSU,Oklahoma State,18,64
8/30/2014,North Texas,Texas,-21,48
8/30/2014,UTEP,New Mexico,-9,56.5
8/30/2014,LSU,Wisconsin,3,49.5
8/30/2014,Arkansas,Auburn,-17.5,57
8/30/2014,Washington,Hawaii,17,55.5
8/31/2014,Utah State,Tennessee,-3.5,50.5
8/31/2014,SMU,Baylor,-31.5,74
9/1/2014,Miami (FL),Louisville,-5,56
9/4/2014,Arizona,UTSA,7.5,55
9/5/2014,Pitt,Boston College,5.5,50
9/5/2014,Washington St,Nevada,3,67
9/6/2014,FAU,Alabama,-42,52.5
9/6/2014,Kansas State,Iowa State,11.5,55
9/6/2014,Ball State,Iowa,-17.5,52.5
9/6/2014,N Illinois,Northwestern,-6.5,59
9/6/2014,Cent Michigan,Purdue,-3,53.5
9/6/2014,Buffalo,Army,-3,52.5
9/6/2014,Missouri,Toledo,3.5,60
9/6/2014,Navy,Temple,3,58
9/6/2014,W Kentucky,Illinois,-4,68
9/6/2014,UAB,Miss St,-29,57.5
9/6/2014,New Mexico St,Georgia State,-3.5,64
9/6/2014,Colorado,UMass,17.5,50.5
9/6/2014,South Alabama,Kent State,2,52.5
9/6/2014,Fresno State,Utah,-13.5,64
9/6/2014,USC,Stanford,-3,53.5
9/6/2014,Akron,Penn State,-14,50.5
9/6/2014,Ohio,Kentucky,-13,52
9/6/2014,E Michigan,Florida,-41.5,56.5
9/6/2014,Ole Miss,Vanderbilt,18,49.5
9/6/2014,Old Dominion,North Carolina St,-15.5,65
9/6/2014,Michigan State,Oregon,-13.5,56
9/6/2014,Idaho,UL Monroe,-13,51
9/6/2014,Mid Tennessee,Minnesota,-13.5,50.5
9/6/2014,LA Tech,LA-Lafayette,-15.5,58.5
9/6/2014,Arizona State,New Mexico,24,67
9/6/2014,Duke,Troy,18,64.5
9/6/2014,ECU,South Carolina,-14.5,64
9/6/2014,San Jose State,Auburn,-32.5,66
9/6/2014,Georgia Tech,Tulane,7.5,55
9/6/2014,Maryland,USF,10.5,52.5
9/6/2014,Michigan,Notre Dame,-4,56.5
9/6/2014,BYU,Texas,-1.5,47.5
9/6/2014,San Diego State,UNC,-14,59.5
9/6/2014,VT,OSU,-10.5,46.5
9/6/2014,Oklahoma,Tulsa,24.5,57
9/6/2014,Memphis,UCLA,-22,57
9/6/2014,Air Force,Wyoming,1.5,51
9/6/2014,Colorado State,Boise State,-7.5,55.5
9/6/2014,Oregon State,Hawaii,9.5,58.5
9/6/2014,Texas Tech,UTEP,21,65.5
9/6/2014,SMU,North Texas,-2.5,45.5
9/6/2014,Arkansas State,Tennessee,-16.5,59
9/11/2014,LA Tech,North Texas,-3.5,48
9/11/2014,Houston,BYU,-17,62
9/12/2014,Toledo,Cincinnati,-9.5,57.5
9/12/2014,Baylor,Buffalo,32,69.5
9/13/2014,Indiana,Bowling Green,7.5,75
9/13/2014,Ohio,Marshall,-20,57.5
9/13/2014,UCF,Missouri,-10,54.5
9/13/2014,North Carolina St,USF,2,52.5
9/13/2014,Miami (OH),Michigan,-32,50
9/13/2014,Kent State,OSU,-31,49
9/13/2014,E Michigan,Old Dominion,-20.5,71
9/13/2014,ECU,VT,-10,54
9/13/2014,Syracuse,Cent Michigan,4.5,51
9/13/2014,Pitt,FIU,25.5,47
9/13/2014,Ga Southern,Georgia Tech,-16.5,55.5
9/13/2014,Iowa State,Iowa,-13,50
9/13/2014,West Virginia,Maryland,-3,60
9/13/2014,UMass,Vanderbilt,-15.5,49
9/13/2014,Louisville,UVA,4,45
9/13/2014,Wyoming,Oregon,-43,63.5
9/13/2014,Air Force,Georgia State,12,63
9/13/2014,W Kentucky,Mid Tennessee,-1.5,63.5
9/13/2014,Kansas,Duke,-12.5,56
9/13/2014,Georgia,South Carolina,6,58
9/13/2014,Arkansas,Texas Tech,-1.5,66.5
9/13/2014,Arkansas State,Miami (FL),-14.5,52.5
9/13/2014,Miss St,South Alabama,14.5,53.5
9/13/2014,LA-Lafayette,Ole Miss,-25.5,58.5
9/13/2014,Illinois,Washington,-13,63
9/13/2014,Minnesota,TCU,-17,50
9/13/2014,W Michigan,Idaho,-2,58.5
9/13/2014,Army,Stanford,-30,54.5
9/13/2014,Southern Miss,Alabama,-47,56
9/13/2014,Wake Forest,Utah State,-15.5,45
9/13/2014,Tulsa,FAU,1,52.5
9/13/2014,UL Monroe,LSU,-30.5,50
9/13/2014,Purdue,Notre Dame,-29.5,59
9/13/2014,Kentucky,Florida,-18.5,54
9/13/2014,Navy,Texas State,6,55.5
9/13/2014,Tennessee,Oklahoma,-21,58
9/13/2014,New Mexico St,UTEP,-10.5,56
9/13/2014,UCLA,Texas,9,50.5
9/13/2014,Penn State,Rutgers,3,52
9/13/2014,USC,Boston College,17,57
9/13/2014,Rice,Texas A&M,-30.5,69.5
9/13/2014,N Illinois,UNLV,10,61.5
9/13/2014,Arizona State,Colorado,15.5,68
9/13/2014,Nebraska,Fresno State,11.5,60.5
9/13/2014,Nevada,Arizona,-19.5,65
9/13/2014,Boise State,UConn,14.5,51.5
9/13/2014,UTSA,Oklahoma State,-11.5,55
9/18/2014,Auburn,Kansas State,7,63.5
9/19/2014,UConn,USF,-2.5,42.5
9/20/2014,Indiana,Missouri,-15,71
9/20/2014,UMass,Penn State,-27,48.5
9/20/2014,Marshall,Akron,10,60
9/20/2014,Iowa,Pitt,-6.5,46
9/20/2014,Ball State,Toledo,-13.5,59
9/20/2014,Maryland,Syracuse,-2,56
9/20/2014,Idaho,Ohio,-11.5,56.5
9/20/2014,Troy,Georgia,-41,63.5
9/20/2014,Bowling Green,Wisconsin,-26,63
9/20/2014,Tulane,Duke,-17,54
9/20/2014,Army,Wake Forest,3,48.5
9/20/2014,UNC,ECU,1,66.5
9/20/2014,Utah,Michigan,-3,54
9/20/2014,E Michigan,Michigan State,-44,53.5
9/20/2014,South Carolina,Vanderbilt,22,51.5
9/20/2014,FAU,Wyoming,-3,48.5
9/20/2014,Hawaii,Colorado,-9,58
9/20/2014,Mid Tennessee,Memphis,-12,60.5
9/20/2014,Georgia State,Washington,-34.5,70
9/20/2014,Appalachian St,Southern Miss,2,59.5
9/20/2014,Ga Southern,South Alabama,1,59
9/20/2014,Texas A&M,SMU,33.5,59
9/20/2014,Florida,Alabama,-14,50.5
9/20/2014,UNLV,Houston,-21,63
9/20/2014,Georgia Tech,VT,-7,52.5
9/20/2014,Oregon,Washington St,21.5,78.5
9/20/2014,Clemson,FSU,-10.5,54.5
9/20/2014,UVA,BYU,-14.5,49.5
9/20/2014,Texas State,Illinois,-10.5,61.5
9/20/2014,Old Dominion,Rice,-7,63
9/20/2014,Louisville,FIU,25.5,45.5
9/20/2014,Miami (OH),Cincinnati,-30.5,60.5
9/20/2014,San Diego State,Oregon State,-10,57
9/20/2014,Miss St,LSU,-7,48.5
9/20/2014,N Illinois,Arkansas,-13,66
9/20/2014,Miami (FL),Nebraska,-8,55
9/20/2014,Oklahoma,West Virginia,8,64.5
9/20/2014,Cal,Arizona,-8,69.5
9/20/2014,LA-Lafayette,Boise State,-17,60.5
9/20/2014,Rutgers,Navy,-6,55
9/20/2014,Utah State,Arkansas State,-2.5,46.5
9/20/2014,Cent Michigan,Kansas,-5.5,45
9/20/2014,New Mexico,New Mexico St,5.5,62.5
9/20/2014,San Jose State,Minnesota,-7.5,50
9/25/2014,Appalachian St,Ga Southern,-16.5,61
9/25/2014,Texas Tech,Oklahoma State,-14,70
9/25/2014,UCLA,Arizona State,3.5,65
9/26/2014,Mid Tennessee,Old Dominion,-1,68.5
9/26/2014,Fresno State,New Mexico,6,66.5
9/27/2014,Wyoming,Michigan State,-28,47
9/27/2014,Maryland,Indiana,-2,70
9/27/2014,Baylor,Iowa State,21,72.5
9/27/2014,USF,Wisconsin,-33,51
9/27/2014,W Michigan,VT,-21,50.5
9/27/2014,Temple,UConn,6.5,46
9/27/2014,Akron,Pitt,-20.5,51.5
9/27/2014,Tulane,Rutgers,-12.5,52.5
9/27/2014,Northwestern,Penn State,-10,47
9/27/2014,Vanderbilt,Kentucky,-17,48
9/27/2014,Wake Forest,Louisville,-21,44
9/27/2014,Colorado State,Boston College,-6.5,56.5
9/27/2014,Miami (OH),Buffalo,-7,52
9/27/2014,Texas State,Tulsa,-3,65.5
9/27/2014,UTEP,Kansas State,-27.5,53
9/27/2014,LA Tech,Auburn,-31.5,63
9/27/2014,Colorado,Cal,-14,62
9/27/2014,TCU,SMU,31,47.5
9/27/2014,Rice,Southern Miss,8.5,59
9/27/2014,Missouri,South Carolina,-6,61.5
9/27/2014,W Kentucky,Navy,-8.5,66
9/27/2014,Notre Dame,Syracuse,9,52
9/27/2014,Arkansas,Texas A&M,-8.5,72.5
9/27/2014,Oregon State,USC,-7.5,56
9/27/2014,UNC,Clemson,-14.5,63
9/27/2014,Texas,Kansas,9.5,42
9/27/2014,Tennessee,Georgia,-18,57
9/27/2014,Duke,Miami (FL),-4,59.5
9/27/2014,South Alabama,Idaho,3,59
9/27/2014,FIU,UAB,-14,54.5
9/27/2014,Memphis,Ole Miss,-20.5,58.5
9/27/2014,UTSA,FAU,3.5,45
9/27/2014,Washington St,Utah,-12.5,61
9/27/2014,Boise State,Air Force,11.5,57
9/27/2014,New Mexico St,LSU,-44,57
9/27/2014,Illinois,Nebraska,-21.5,59.5
9/27/2014,UNLV,San Diego State,-19,56
9/27/2014,Nevada,San Jose State,6.5,55
9/27/2014,Bowling Green,UMass,6,69.5
9/27/2014,Minnesota,Michigan,-10,43.5
9/27/2014,Cincinnati,OSU,-17,61.5
9/27/2014,Iowa,Purdue,8,47
9/27/2014,FSU,North Carolina St,16.5,60.5
9/27/2014,Kent State,UVA,-25.5,45
9/27/2014,Stanford,Washington,7.5,49
9/27/2014,Troy,UL Monroe,-14,55.5
9/27/2014,Cent Michigan,Toledo,-10.5,58
10/2/2014,FAU,FIU,6.5,47.5
10/2/2014,UCF,Houston,-2.5,49.5
10/2/2014,Arizona,Oregon,-21,81
10/3/2014,Louisville,Syracuse,2,47
10/3/2014,San Diego State,Fresno State,-3.5,58
10/3/2014,Utah State,BYU,-21,52
10/4/2014,Vanderbilt,Georgia,-33.5,53
10/4/2014,Wake Forest,FSU,-37.5,55.5
10/4/2014,Miami (FL),Georgia Tech,-2.5,58.5
10/4/2014,North Texas,Indiana,-10.5,58
10/4/2014,SMU,ECU,-38.5,59.5
10/4/2014,Memphis,Cincinnati,-3,62
10/4/2014,Pitt,UVA,-5,46
10/4/2014,Kansas,West Virginia,-26.5,59
10/4/2014,Toledo,W Michigan,5,62.5
10/4/2014,Marshall,Old Dominion,18.5,75.5
10/4/2014,VT,UNC,2.5,57
10/4/2014,Kent State,N Illinois,-25,59
10/4/2014,Wisconsin,Northwestern,7,47.5
10/4/2014,UMass,Miami (OH),-6,58.5
10/4/2014,South Alabama,Appalachian St,3.5,52
10/4/2014,South Carolina,Kentucky,4,55.5
10/4/2014,Ball State,Army,-2.5,57
10/4/2014,Buffalo,Bowling Green,-3.5,75
10/4/2014,E Michigan,Akron,-26,50.5
10/4/2014,Hawaii,Rice,-6.5,57.5
10/4/2014,Tulsa,Colorado State,-17.5,63
10/4/2014,Georgia State,LA-Lafayette,-16.5,64.5
10/4/2014,Stanford,Notre Dame,2.5,46.5
10/4/2014,Arizona State,USC,-12,67
10/4/2014,LSU,Auburn,-7,56
10/4/2014,Navy,Air Force,3,56
10/4/2014,Oklahoma,TCU,3.5,57
10/4/2014,Florida,Tennessee,1,52
10/4/2014,Baylor,Texas,14,58.5
10/4/2014,Iowa State,Oklahoma State,-16,64
10/4/2014,Alabama,Ole Miss,4.5,52
10/4/2014,Texas A&M,Miss St,-2.5,70.5
10/4/2014,Utah,UCLA,-13,63.5
10/4/2014,UTEP,LA Tech,-12.5,57
10/4/2014,Southern Miss,Mid Tennessee,-17,59.5
10/4/2014,Oregon State,Colorado,4,52.5
10/4/2014,Cal,Washington St,-4,69
10/4/2014,Idaho,Texas State,-15.5,66
10/4/2014,Michigan,Rutgers,-2.5,46.5
10/4/2014,New Mexico,UTSA,-16.5,55.5
10/4/2014,UL Monroe,Arkansas State,-10,52
10/4/2014,North Carolina St,Clemson,-14,63.5
10/4/2014,UAB,W Kentucky,-10,71
10/4/2014,Nebraska,Michigan State,-7,53.5
10/4/2014,Ga Southern,New Mexico St,17,63
10/4/2014,Boise State,Nevada,3,53.5
10/4/2014,Purdue,Illinois,-9.5,53.5
10/4/2014,Ohio,Cent Michigan,-3.5,49
10/4/2014,UNLV,San Jose State,-9,57.5
10/4/2014,OSU,Maryland,6,59
10/4/2014,Texas Tech,Kansas State,-14,65.5
10/9/2014,BYU,UCF,-3,46
10/10/2014,Washington St,Stanford,-16.5,52.5
10/10/2014,Fresno State,UNLV,9.5,65
10/10/2014,San Diego State,New Mexico,3,53.5
10/11/2014,Texas,Oklahoma,-17,45
10/11/2014,Michigan State,Purdue,21,50
10/11/2014,Northwestern,Minnesota,-4,45
10/11/2014,Rice,Army,2.5,58.5
10/11/2014,Tulsa,Temple,-17,57
10/11/2014,Mid Tennessee,Marshall,-23.5,67
10/11/2014,FSU,Syracuse,23.5,54.5
10/11/2014,Duke,Georgia Tech,-3.5,60
10/11/2014,Boston College,North Carolina St,-2.5,55.5
10/11/2014,Cincinnati,Miami (FL),-15,65.5
10/11/2014,Buffalo,E Michigan,14.5,57
10/11/2014,Miami (OH),Akron,-15.5,55.5
10/11/2014,Indiana,Iowa,-3,54
10/11/2014,Bowling Green,Ohio,1,66
10/11/2014,West Virginia,Texas Tech,6,76.5
10/11/2014,Oklahoma State,Kansas,19.5,49
10/11/2014,TCU,Baylor,-7.5,66
10/11/2014,Houston,Memphis,-7,48
10/11/2014,North Texas,UAB,-6,58
10/11/2014,Auburn,Miss St,2.5,61.5
10/11/2014,W Michigan,Ball State,-1,54
10/11/2014,Alabama,Arkansas,8.5,54
10/11/2014,LSU,Florida,1,44
10/11/2014,Toledo,Iowa State,-3.5,61
10/11/2014,Oregon,UCLA,1,73.5
10/11/2014,Washington,Cal,-3.5,67.5
10/11/2014,Louisville,Clemson,-8.5,47.5
10/11/2014,UNC,Notre Dame,-16.5,62
10/11/2014,Cent Michigan,N Illinois,-9,57
10/11/2014,Idaho,Ga Southern,-22,63
10/11/2014,Arkansas State,Georgia State,10.5,62
10/11/2014,FIU,UTSA,-9,42
10/11/2014,Air Force,Utah State,-7,50.5
10/11/2014,ECU,USF,16.5,57.5
10/11/2014,Penn State,Michigan,-2.5,42
10/11/2014,Old Dominion,UTEP,-2.5,65
10/11/2014,UConn,Tulane,-4,42
10/11/2014,Colorado State,Nevada,1.5,65
10/11/2014,Georgia,Missouri,3,58.5
10/11/2014,USC,Arizona,-1.5,66
10/11/2014,UL Monroe,Kentucky,-19,51
10/11/2014,Ole Miss,Texas A&M,-2.5,63
10/11/2014,Illinois,Wisconsin,-27,58.5
10/11/2014,New Mexico St,Troy,-8.5,63
10/11/2014,UMass,Kent State,-3,56
10/12/2014,Wyoming,Hawaii,-6,47
10/14/2014,LA-Lafayette,Texas State,-2.5,62.5
10/16/2014,VT,Pitt,1,45
10/16/2014,Utah,Oregon State,2,53
10/17/2014,Fresno State,Boise State,-17.5,61
10/17/2014,Temple,Houston,-9,52.5
10/18/2014,Marshall,FIU,21.5,56
10/18/2014,Syracuse,Wake Forest,5.5,44.5
10/18/2014,Miami (OH),N Illinois,-13.5,57.5
10/18/2014,Purdue,Minnesota,-12.5,49
10/18/2014,Iowa,Maryland,-3.5,46.5
10/18/2014,Baylor,West Virginia,8.5,80.5
10/18/2014,UVA,Duke,-3.5,49.5
10/18/2014,Georgia Tech,UNC,-2.5,68
10/18/2014,North Carolina St,Louisville,-18.5,50
10/18/2014,E Michigan,UMass,-14.5,63.5
10/18/2014,W Michigan,Bowling Green,-3,68
10/18/2014,Ball State,Cent Michigan,-10,53
10/18/2014,Georgia,Arkansas,3,54
10/18/2014,San Jose State,Wyoming,3,47
10/18/2014,New Mexico,Air Force,-7.5,57
10/18/2014,USF,Tulsa,2,50.5
10/18/2014,Southern Miss,North Texas,-7.5,54.5
10/18/2014,Cincinnati,SMU,12,62
10/18/2014,Appalachian St,Troy,-7.5,64
10/18/2014,Nevada,BYU,-10,59
10/18/2014,Army,Kent State,3,52
10/18/2014,Stanford,Arizona State,3.5,54
10/18/2014,Washington,Oregon,-21,64.5
10/18/2014,UCLA,Cal,7,72
10/18/2014,UAB,Mid Tennessee,-2,66.5
10/18/2014,Rutgers,OSU,-21,63
10/18/2014,Texas A&M,Alabama,-11.5,63
10/18/2014,Colorado,USC,-20,61
10/18/2014,Michigan State,Indiana,15.5,60
10/18/2014,Clemson,Boston College,5,45.5
10/18/2014,Kansas State,Oklahoma,-7,54.5
10/18/2014,New Mexico St,Idaho,-5.5,68
10/18/2014,Georgia State,South Alabama,-20,56
10/18/2014,W Kentucky,FAU,3.5,66.5
10/18/2014,Utah State,Colorado State,-5,54.5
10/18/2014,Tennessee,Ole Miss,-16,46
10/18/2014,Iowa State,Texas,-10.5,45.5
10/18/2014,Missouri,Florida,-6.5,46
10/18/2014,Kansas,Texas Tech,-12.5,58
10/18/2014,Oklahoma State,TCU,-10,62
10/18/2014,Nebraska,Northwestern,6,55
10/18/2014,Kentucky,LSU,-12,49.5
10/18/2014,Notre Dame,FSU,-9.5,60
10/18/2014,Hawaii,San Diego State,-10,49
10/18/2014,Tulane,UCF,-17.5,44
10/18/2014,Akron,Ohio,2.5,47.5
10/18/2014,UTSA,LA Tech,-11,45
10/21/2014,Arkansas State,LA-Lafayette,3,58.5
10/23/2014,UConn,ECU,-27.5,56
10/23/2014,Miami (FL),VT,1.5,48
10/24/2014,Troy,South Alabama,-15,55
10/24/2014,USF,Cincinnati,-10,60
10/24/2014,BYU,Boise State,-6.5,57
10/24/2014,Oregon,Cal,18,78
10/25/2014,South Carolina,Auburn,-17.5,63
10/25/2014,N Illinois,E Michigan,19,62
10/25/2014,Miss St,Kentucky,14.5,59
10/25/2014,Syracuse,Clemson,-17,47.5
10/25/2014,Minnesota,Illinois,4,54.5
10/25/2014,Akron,Ball State,3,52.5
10/25/2014,Cent Michigan,Buffalo,3.5,55
10/25/2014,Ohio,W Michigan,-8.5,53
10/25/2014,Temple,UCF,-6.5,47
10/25/2014,UNC,UVA,-7,61
10/25/2014,Georgia Tech,Pitt,-3.5,56
10/25/2014,Maryland,Wisconsin,-9.5,56
10/25/2014,Vanderbilt,Missouri,-23,42.5
10/25/2014,San Jose State,Navy,-9,53.5
10/25/2014,UMass,Toledo,-17,69
10/25/2014,UCLA,Colorado,14,65
10/25/2014,Rutgers,Nebraska,-19.5,60.5
10/25/2014,Kent State,Miami (OH),-4.5,53
10/25/2014,UAB,Arkansas,-25.5,60.5
10/25/2014,Texas Tech,TCU,-24,70.5
10/25/2014,Memphis,SMU,23,52
10/25/2014,Oregon State,Stanford,-13,43.5
10/25/2014,Alabama,Tennessee,20,46
10/25/2014,Michigan,Michigan State,-17,46
10/25/2014,Wyoming,Colorado State,-18.5,53.5
10/25/2014,Ole Miss,LSU,3.5,45.5
10/25/2014,Arizona,Washington St,2.5,73.5
10/25/2014,USC,Utah,-1,52
10/25/2014,Ga Southern,Georgia State,17,65.5
10/25/2014,North Texas,Rice,-16,56.5
10/25/2014,LA Tech,Southern Miss,8.5,56
10/25/2014,UTEP,UTSA,-14,47
10/25/2014,FAU,Marshall,-27.5,66.5
10/25/2014,Texas State,UL Monroe,-2.5,50.5
10/25/2014,Old Dominion,W Kentucky,-13.5,77
10/25/2014,West Virginia,Oklahoma State,2.5,66
10/25/2014,Texas,Kansas State,-10,48
10/25/2014,OSU,Penn State,14,52.5
10/25/2014,UNLV,Utah State,-17,50
10/25/2014,Boston College,Wake Forest,13,41
10/25/2014,Arizona State,Washington,3.5,61
10/26/2014,Nevada,Hawaii,3,54.5
10/30/2014,Troy,Ga Southern,-24,61.5
10/30/2014,FSU,Louisville,3.5,51
10/31/2014,Tulsa,Memphis,-24,57
10/31/2014,Cincinnati,Tulane,4,55.5
11/1/2014,Notre Dame,Navy,14,54
11/1/2014,Boston College,VT,-3,40.5
11/1/2014,ECU,Temple,10,60.5
11/1/2014,UCF,UConn,9.5,39.5
11/1/2014,North Carolina St,Syracuse,-2.5,52.5
11/1/2014,Duke,Pitt,-3,52.5
11/1/2014,Maryland,Penn State,-3.5,45
11/1/2014,UNC,Miami (FL),-16,67.5
11/1/2014,Georgia State,Appalachian St,-12,63
11/1/2014,Air Force,Army,3,54.5
11/1/2014,Northwestern,Iowa,-3,43.5
11/1/2014,Purdue,Nebraska,-21.5,60
11/1/2014,Kansas,Baylor,-35,61
11/1/2014,W Michigan,Miami (OH),6,56.5
11/1/2014,Auburn,Ole Miss,-1.5,53.5
11/1/2014,Kentucky,Missouri,-8,47.5
11/1/2014,Arkansas,Miss St,-10.5,56.5
11/1/2014,W Kentucky,LA Tech,-7.5,69
11/1/2014,UL Monroe,Texas A&M,-31.5,61.5
11/1/2014,BYU,Mid Tennessee,3,64.5
11/1/2014,Florida,Georgia,-11,46
11/1/2014,USC,Washington St,7,68
11/1/2014,Stanford,Oregon,-7.5,56.5
11/1/2014,Oklahoma,Iowa State,15.5,62
11/1/2014,Oklahoma State,Kansas State,-13.5,53
11/1/2014,Indiana,Michigan,-7.5,52
11/1/2014,UVA,Georgia Tech,-4,53
11/1/2014,South Alabama,LA-Lafayette,-7,56.5
11/1/2014,Old Dominion,Vanderbilt,-7,60.5
11/1/2014,Rice,FIU,6.5,46
11/1/2014,Washington,Colorado,3,54
11/1/2014,Cal,Oregon State,-4,64.5
11/1/2014,Arizona,UCLA,-6.5,70.5
11/1/2014,Colorado State,San Jose State,6,57.5
11/1/2014,Utah,Arizona State,-6.5,56.5
11/1/2014,TCU,West Virginia,3,68.5
11/1/2014,Houston,USF,9,45
11/1/2014,Southern Miss,UTEP,-8,55.5
11/1/2014,New Mexico,UNLV,-1,61.5
11/1/2014,Texas State,New Mexico St,7,62
11/1/2014,Illinois,OSU,-28.5,63
11/1/2014,Wyoming,Fresno State,-16.5,58.5
11/1/2014,San Diego State,Nevada,-1.5,48.5
11/1/2014,Utah State,Hawaii,3,42
11/1/2014,Tennessee,South Carolina,-6.5,56
11/1/2014,Arkansas State,Idaho,15,65.5
11/1/2014,Texas,Texas Tech,4,57
11/1/2014,Cent Michigan,E Michigan,13.5,48
11/1/2014,UAB,FAU,-3.5,58
11/1/2014,Wisconsin,Rutgers,12.5,52
11/4/2014,Bowling Green,Akron,-3.5,59
11/4/2014,Toledo,Kent State,13,57
11/5/2014,Buffalo,Ohio,-4,56.5
11/5/2014,N Illinois,Ball State,3,62.5
11/6/2014,Clemson,Wake Forest,21,42
11/7/2014,Memphis,Temple,7.5,48
11/7/2014,Utah State,Wyoming,7.5,47
11/8/2014,Penn State,Indiana,6,45
11/8/2014,Georgia,Kentucky,10,58
11/8/2014,LA Tech,UAB,5,54
11/8/2014,Iowa,Minnesota,1.5,44
11/8/2014,Michigan,Northwestern,1.5,41
11/8/2014,Georgia Tech,North Carolina St,3,62.5
11/8/2014,Wisconsin,Purdue,17,53.5
11/8/2014,UL Monroe,Appalachian St,-4,52
11/8/2014,Duke,Syracuse,4.5,51.5
11/8/2014,Florida,Vanderbilt,14.5,44
11/8/2014,Louisville,Boston College,3,46
11/8/2014,Iowa State,Kansas,2,52.5
11/8/2014,Tulane,Houston,-17,46.5
11/8/2014,Georgia State,Troy,-7,65
11/8/2014,UTSA,Rice,-7.5,43.5
11/8/2014,West Virginia,Texas,2.5,51.5
11/8/2014,UCLA,Washington,5,53.5
11/8/2014,SMU,Tulsa,-14,57
11/8/2014,UConn,Army,4.5,48.5
11/8/2014,Texas A&M,Auburn,-23,68.5
11/8/2014,Alabama,LSU,6.5,46.5
11/8/2014,Baylor,Oklahoma,-6,68.5
11/8/2014,UVA,FSU,-21,55.5
11/8/2014,UTEP,W Kentucky,-8.5,70
11/8/2014,Washington St,Oregon State,-8.5,59.5
11/8/2014,Air Force,UNLV,4.5,57.5
11/8/2014,Idaho,San Diego State,-21,57.5
11/8/2014,FAU,North Texas,2.5,55
11/8/2014,Ga Southern,Texas State,11.5,61.5
11/8/2014,Colorado,Arizona,-19,69.5
11/8/2014,Boise State,New Mexico,17.5,60.5
11/8/2014,OSU,Michigan State,-3.5,56
11/8/2014,LA-Lafayette,New Mexico St,16.5,66.5
11/8/2014,Notre Dame,Arizona State,-3,62
11/8/2014,Oregon,Utah,9,61.5
11/8/2014,Kansas State,TCU,-6.5,59.5
11/8/2014,San Jose State,Fresno State,-1.5,57.5
11/8/2014,FIU,Old Dominion,-4.5,60
11/8/2014,Hawaii,Colorado State,-20.5,57
11/8/2014,South Alabama,Arkansas State,-10.5,52.5
11/8/2014,Marshall,Southern Miss,27,63
11/11/2014,Akron,Buffalo,3.5,51.5
11/11/2014,Toledo,N Illinois,-4,62.5
11/12/2014,Ball State,UMass,-3,65
11/12/2014,Kent State,Bowling Green,-14,54.5
11/13/2014,ECU,Cincinnati,1,70.5
11/13/2014,Cal,USC,-14,72
11/13/2014,Southern Miss,UTSA,-7,47
11/14/2014,Tulsa,UCF,-20,54.5
11/15/2014,Pitt,UNC,-2.5,66.5
11/15/2014,Wake Forest,North Carolina St,-15,44.5
11/15/2014,Temple,Penn State,-11,40.5
11/15/2014,OSU,Minnesota,11.5,56
11/15/2014,Iowa,Illinois,6,55
11/15/2014,Army,W Kentucky,-7.5,71.5
11/15/2014,Nebraska,Wisconsin,-6,55.5
11/15/2014,Kentucky,Tennessee,-10.5,54
11/15/2014,Indiana,Rutgers,-8.5,54
11/15/2014,Clemson,Georgia Tech,1.5,57.5
11/15/2014,VT,Duke,-4,47.5
11/15/2014,Nevada,Air Force,-3,54
11/15/2014,USF,SMU,9.5,49.5
11/15/2014,TCU,Kansas,27.5,55
11/15/2014,Appalachian St,Arkansas State,-16,62
11/15/2014,UNLV,BYU,-26,62.5
11/15/2014,Utah,Stanford,-10,42
11/15/2014,New Mexico,Utah State,-19.5,53
11/15/2014,San Diego State,Boise State,-14,57
11/15/2014,LSU,Arkansas,-1,45.5
11/15/2014,Washington,Arizona,-7.5,60.5
11/15/2014,Auburn,Georgia,-3,71
11/15/2014,South Carolina,Florida,-6.5,57.5
11/15/2014,FSU,Miami (FL),2.5,62
11/15/2014,Ga Southern,Navy,-3,61
11/15/2014,Rice,Marshall,-21,65.5
11/15/2014,Northwestern,Notre Dame,-17,53.5
11/15/2014,Miami (OH),Cent Michigan,-17.5,54.5
11/15/2014,Mid Tennessee,FIU,5,49.5
11/15/2014,Hawaii,San Jose State,-10,54.5
11/15/2014,Troy,Idaho,-5.5,65
11/15/2014,Missouri,Texas A&M,-3,56
11/15/2014,Memphis,Tulane,8.5,48.5
11/15/2014,LA-Lafayette,UL Monroe,6.5,51.5
11/15/2014,Arizona State,Oregon State,7,63
11/15/2014,Miss St,Alabama,-10,54.5
11/15/2014,Texas,Oklahoma State,1,46.5
11/15/2014,Michigan State,Maryland,10.5,59
11/15/2014,North Texas,UTEP,-6,47.5
11/15/2014,E Michigan,W Michigan,-27,56.5
11/15/2014,Texas State,South Alabama,-5.5,50
11/15/2014,Oklahoma,Texas Tech,14,64
11/18/2014,N Illinois,Ohio,1.5,52.5
11/18/2014,UMass,Akron,-9.5,47
11/19/2014,Bowling Green,Toledo,-7,60
11/20/2014,Kansas State,West Virginia,-2.5,58.5
11/20/2014,UNC,Duke,-6,66.5
11/20/2014,Arkansas State,Texas State,6.5,57.5
11/21/2014,UTEP,Rice,-8,49.5
11/21/2014,Air Force,San Diego State,-6,49.5
11/21/2014,San Jose State,Utah State,-14.5,46.5
11/22/2014,VT,Wake Forest,13.5,38.5
11/22/2014,Miami (FL),UVA,4,45
11/22/2014,Missouri,Tennessee,-5,49
11/22/2014,E Michigan,Ball State,-18,53
11/22/2014,Rutgers,Michigan State,-24,57.5
11/22/2014,Minnesota,Nebraska,-9,52
11/22/2014,Vanderbilt,Miss St,-29,55.5
11/22/2014,Indiana,OSU,-35.5,67
11/22/2014,Maryland,Michigan,-6,43
11/22/2014,Northwestern,Purdue,-1,51
11/22/2014,W Michigan,Cent Michigan,-1.5,52.5
11/22/2014,Tulane,ECU,-19.5,60.5
11/22/2014,Boston College,FSU,-17,57
11/22/2014,Penn State,Illinois,6,45
11/22/2014,Wisconsin,Iowa,7.5,50
11/22/2014,Marshall,UAB,18.5,69
11/22/2014,LA Tech,Old Dominion,12.5,66
11/22/2014,New Mexico,Colorado State,-21,65
11/22/2014,UTSA,W Kentucky,-10,56
11/22/2014,Boise State,Wyoming,14,51.5
11/22/2014,Texas Tech,Iowa State,-1.5,72.5
11/22/2014,Ole Miss,Arkansas,3,45
11/22/2014,Oklahoma State,Baylor,-32,67
11/22/2014,Tulsa,Houston,-20,57
11/22/2014,Louisville,Notre Dame,-3,52.5
11/22/2014,FIU,North Texas,-3,47
11/22/2014,Stanford,Cal,6,55.5
11/22/2014,Appalachian St,LA-Lafayette,-8.5,63.5
11/22/2014,Arizona,Utah,-5.5,53.5
11/22/2014,Oregon State,Washington,-6.5,54
11/22/2014,Georgia State,Clemson,-40,57
11/22/2014,Washington St,Arizona State,-14.5,71
11/22/2014,USF,Memphis,-20,46.5
11/22/2014,FAU,Mid Tennessee,-7,57
11/22/2014,Cincinnati,UConn,9.5,55.5
11/22/2014,UL Monroe,New Mexico St,6.5,55
11/22/2014,SMU,UCF,-28.5,49
11/22/2014,USC,UCLA,-3.5,62
11/22/2014,Fresno State,Nevada,-7.5,63
11/22/2014,UNLV,Hawaii,-10,57
11/22/2014,Kansas,Oklahoma,-25.5,55
11/22/2014,Syracuse,Pitt,-7.5,51.5
11/22/2014,South Alabama,South Carolina,-24.5,57
11/22/2014,Colorado,Oregon,-33,74.5
11/25/2014,Ohio,Miami (OH),3,53
11/27/2014,TCU,Texas,5,54
11/27/2014,LSU,Texas A&M,3,53.5
11/28/2014,UVA,VT,1,38.5
11/28/2014,Ball State,Bowling Green,-10,57.5
11/28/2014,N Illinois,W Michigan,-7.5,59
11/28/2014,W Kentucky,Marshall,-23.5,74.5
11/28/2014,Toledo,E Michigan,23.5,59
11/28/2014,Nebraska,Iowa,-1.5,53.5
11/28/2014,ECU,Tulsa,18,69
11/28/2014,Houston,SMU,21.5,50.5
11/28/2014,Navy,South Alabama,7.5,54.5
11/28/2014,Stanford,UCLA,-6.5,48
11/28/2014,Colorado State,Air Force,7,61
11/28/2014,UCF,USF,10,43
11/28/2014,Akron,Kent State,3,43.5
11/28/2014,Buffalo,UMass,3,55.5
11/28/2014,Arkansas,Missouri,2,43.5
11/28/2014,Arizona State,Arizona,-2,64.5
11/29/2014,Michigan,OSU,-21,55
11/29/2014,Syracuse,Boston College,-11,45.5
11/29/2014,Old Dominion,FAU,-4,67
11/29/2014,Wake Forest,Duke,-18,44.5
11/29/2014,Tennessee,Vanderbilt,15,49
11/29/2014,Minnesota,Wisconsin,-16,49.5
11/29/2014,Rutgers,Maryland,-8,53.5
11/29/2014,Rice,LA Tech,-7,48
11/29/2014,North Carolina St,UNC,-6.5,69.5
11/29/2014,Illinois,Northwestern,-7,51
11/29/2014,Purdue,Indiana,-3,55
11/29/2014,Idaho,Appalachian St,-17,63.5
11/29/2014,Cincinnati,Temple,7,57
11/29/2014,Texas State,Georgia State,13.5,60
11/29/2014,New Mexico St,Arkansas State,-24,64.5
11/29/2014,UAB,Southern Miss,3,58
11/29/2014,Wyoming,New Mexico,-3.5,62
11/29/2014,Utah State,Boise State,-10,55
11/29/2014,Washington,Washington St,4,63.5
11/29/2014,Baylor,Texas Tech,26.5,80
11/29/2014,Georgia Tech,Georgia,-10.5,66
11/29/2014,Kansas,Kansas State,-27.5,51
11/29/2014,BYU,Cal,-3,72
11/29/2014,Oregon,Oregon State,20.5,66.5
11/29/2014,Michigan State,Penn State,13,44
11/29/2014,Auburn,Alabama,-9.5,54
11/29/2014,Florida,FSU,-7,53
11/29/2014,Nevada,UNLV,8,62.5
11/29/2014,UL Monroe,Ga Southern,-14,54
11/29/2014,Hawaii,Fresno State,-10,60
11/29/2014,Utah,Colorado,7.5,52.5
11/29/2014,UConn,Memphis,-24,45
11/29/2014,Kentucky,Louisville,-14,52
11/29/2014,Miss St,Ole Miss,2.5,51
11/29/2014,Mid Tennessee,UTEP,-3,53.5
11/29/2014,LA-Lafayette,Troy,9.5,60.5
11/29/2014,North Texas,UTSA,-4.5,41
11/29/2014,Notre Dame,USC,-5.5,62.5
11/29/2014,Pitt,Miami (FL),-11,56
11/29/2014,West Virginia,Iowa State,10,62
11/29/2014,San Jose State,San Diego State,-14.5,47
11/29/2014,South Carolina,Clemson,-4,53
11/29/2014,Sacred Heart,Fordham,-14,0
12/4/2014,UCF,ECU,-6.5,55.5
12/5/2014,N Illinois,Bowling Green,5.5,64
12/5/2014,Arizona,Oregon,-14,72
12/6/2014,SMU,UConn,-13,44
12/6/2014,Iowa State,TCU,-35,69.5
12/6/2014,Temple,Tulane,2,41.5
12/6/2014,Houston,Cincinnati,-7,56.5
12/6/2014,Missouri,Alabama,-13.5,49
12/6/2014,FSU,Georgia Tech,3.5,63.5
12/6/2014,Wisconsin,OSU,4,54.5
12/6/2014,Fresno State,Boise State,-22.5,70
12/6/2014,Oklahoma State,Oklahoma,-19.5,58
12/6/2014,Kansas State,Baylor,-7,72
12/6/2014,LA Tech,Marshall,-9,67
12/13/2014,Army,Navy,-16.5,56
12/20/2014,Nevada,LA-Lafayette,2.5,62.5
12/20/2014,UTEP,Utah State,-9.5,46
12/20/2014,Utah,Colorado State,2.5,57.5
12/20/2014,W Michigan,Air Force,2.5,59
12/20/2014,South Alabama,Bowling Green,3.5,54.5
12/22/2014,BYU,Memphis,-1.5,56
12/23/2014,N Illinois,Marshall,-8,68
12/23/2014,Navy,San Diego State,-3.5,52
12/24/2014,Cent Michigan,W Kentucky,-3.5,67.5
12/24/2014,Fresno State,Rice,-1,59
12/26/2014,Illinois,LA Tech,-7,55.5
12/26/2014,Rutgers,UNC,-3.5,71.5
12/26/2014,North Carolina St,UCF,-2,48.5
12/27/2014,VT,Cincinnati,-2,50.5
12/27/2014,Duke,Arizona State,-7,65
12/27/2014,Miami (FL),South Carolina,3,61.5
12/27/2014,Penn State,Boston College,-3,41
12/27/2014,Nebraska,USC,-7,63
12/29/2014,West Virginia,Texas A&M,3,66
12/29/2014,Texas,Arkansas,-7,43
12/29/2014,Clemson,Oklahoma,-6.5,49.5
12/30/2014,Notre Dame,LSU,-8,51
12/30/2014,Louisville,Georgia,-7,55
12/30/2014,Maryland,Stanford,-14,45.5
12/31/2014,Ole Miss,TCU,-3.5,55
12/31/2014,Boise State,Arizona,-2.5,66.5
12/31/2014,Georgia Tech,Miss St,-5.5,59.5
1/1/2015,FSU,Oregon,-7.5,73.5
1/1/2015,OSU,Alabama,-7.5,58
1/1/2015,Michigan State,Baylor,-3,69
1/1/2015,Wisconsin,Auburn,-6,64.5
1/1/2015,Minnesota,Missouri,-3,47
1/2/2015,Pitt,Houston,5.5,54.5
1/2/2015,Iowa,Tennessee,-3,52.5
1/2/2015,UCLA,Kansas State,-1.5,61
1/2/2015,Oklahoma State,Washington,-7,57
1/3/2015,ECU,Florida,-7,54.5
1/4/2015,Toledo,Arkansas State,3,69.5
1/12/2015,OSU,Oregon,-6,72.5
